date,pm25,pm10,o3,no2,so2,co
2013/12/31,,121.0,29.0,57.0,30.0,14.0
2014/1/1,188.0,92.0,39.0,54.0,17.0,13.0
2014/1/2,170.0,105.0,21.0,55.0,32.0,12.0
2014/1/3,191.0,94.0,18.0,36.0,19.0,9.0
2014/1/4,176.0,53.0,13.0,37.0,13.0,7.0
2014/1/5,116.0,36.0,28.0,28.0,10.0,7.0
2014/1/6,83.0,48.0,28.0,34.0,7.0,7.0
2014/1/7,120.0,39.0,27.0,22.0,10.0,6.0
2014/1/8,106.0,52.0,26.0,16.0,10.0,5.0
2014/1/9,97.0,62.0,28.0,25.0,14.0,6.0
2014/1/10,120.0,51.0,25.0,23.0,9.0,6.0
2014/1/11,127.0,66.0,30.0,26.0,13.0,6.0
2014/1/12,152.0,46.0,26.0,18.0,13.0,5.0
2014/1/13,104.0,25.0,27.0,19.0,11.0,7.0
2014/1/14,76.0,34.0,29.0,19.0,9.0,3.0
2014/1/15,94.0,69.0,29.0,35.0,13.0,10.0
2014/1/16,156.0,79.0,15.0,46.0,20.0,13.0
2014/1/17,169.0,112.0,29.0,28.0,22.0,10.0
2014/1/18,207.0,89.0,34.0,35.0,19.0,10.0
2014/1/19,179.0,149.0,17.0,40.0,33.0,14.0
2014/1/20,226.0,73.0,26.0,20.0,17.0,5.0
2014/1/21,122.0,57.0,17.0,30.0,17.0,7.0
2014/1/22,132.0,41.0,29.0,24.0,9.0,4.0
2014/1/23,114.0,35.0,28.0,22.0,10.0,3.0
2014/1/24,95.0,79.0,34.0,26.0,13.0,7.0
2014/1/25,154.0,45.0,30.0,12.0,8.0,4.0
2014/1/26,89.0,26.0,29.0,21.0,6.0,3.0
2014/1/27,69.0,52.0,30.0,22.0,14.0,7.0
2014/1/28,127.0,57.0,26.0,24.0,7.0,5.0
2014/1/29,141.0,127.0,31.0,27.0,13.0,13.0
2014/1/30,230.0,107.0,47.0,12.0,9.0,8.0
2014/1/31,201.0,58.0,37.0,20.0,7.0,6.0
2014/2/1,140.0,132.0,30.0,21.0,6.0,16.0
2014/2/2,236.0,59.0,31.0,9.0,5.0,5.0
2014/2/3,124.0,38.0,34.0,5.0,7.0,3.0
2014/2/4,75.0,21.0,30.0,9.0,6.0,5.0
2014/2/5,64.0,10.0,26.0,11.0,4.0,4.0
2014/2/6,55.0,16.0,28.0,12.0,6.0,5.0
2014/2/7,61.0,41.0,29.0,12.0,8.0,6.0
2014/2/8,121.0,49.0,30.0,11.0,8.0,5.0
2014/2/9,126.0,31.0,27.0,12.0,5.0,5.0
2014/2/10,95.0,37.0,28.0,15.0,9.0,4.0
2014/2/11,111.0,30.0,28.0,19.0,7.0,5.0
2014/2/12,92.0,29.0,30.0,11.0,6.0,4.0
2014/2/13,84.0,50.0,34.0,17.0,8.0,5.0
2014/2/14,112.0,30.0,32.0,16.0,8.0,5.0
2014/2/15,84.0,23.0,27.0,21.0,3.0,3.0
2014/2/16,76.0,27.0,31.0,23.0,6.0,5.0
2014/2/17,95.0,24.0,33.0,13.0,3.0,4.0
2014/2/18,80.0,51.0,22.0,26.0,14.0,9.0
2014/2/19,134.0,96.0,33.0,36.0,28.0,11.0
2014/2/20,184.0,68.0,45.0,30.0,14.0,7.0
2014/2/21,159.0,53.0,37.0,20.0,7.0,4.0
2014/2/22,141.0,73.0,46.0,23.0,12.0,6.0
2014/2/23,163.0,70.0,27.0,32.0,6.0,6.0
2014/2/24,157.0,20.0,36.0,17.0,6.0,3.0
2014/2/25,73.0,40.0,33.0,26.0,3.0,7.0
2014/2/26,117.0,76.0,25.0,43.0,15.0,10.0
2014/2/27,166.0,71.0,27.0,22.0,4.0,8.0
2014/2/28,159.0,31.0,25.0,21.0,4.0,4.0
2014/3/1,88.0,59.0,42.0,21.0,10.0,6.0
2014/3/2,134.0,53.0,39.0,19.0,8.0,4.0
2014/3/3,100.0,35.0,21.0,26.0,5.0,4.0
2014/3/4,80.0,46.0,37.0,15.0,8.0,4.0
2014/3/5,107.0,35.0,32.0,15.0,6.0,4.0
2014/3/6,73.0,32.0,43.0,18.0,5.0,3.0
2014/3/7,79.0,50.0,42.0,18.0,6.0,4.0
2014/3/8,115.0,70.0,35.0,38.0,13.0,7.0
2014/3/9,155.0,112.0,42.0,43.0,17.0,10.0
2014/3/10,189.0,56.0,46.0,20.0,7.0,4.0
2014/3/11,128.0,40.0,31.0,24.0,5.0,5.0
2014/3/12,92.0,50.0,31.0,20.0,11.0,6.0
2014/3/13,105.0,76.0,37.0,39.0,18.0,7.0
2014/3/14,157.0,83.0,61.0,37.0,16.0,5.0
2014/3/15,156.0,79.0,61.0,33.0,10.0,5.0
2014/3/16,147.0,78.0,51.0,37.0,12.0,10.0
2014/3/17,155.0,121.0,60.0,49.0,16.0,11.0
2014/3/18,182.0,118.0,34.0,23.0,6.0,5.0
2014/3/19,157.0,67.0,42.0,20.0,8.0,5.0
2014/3/20,144.0,52.0,38.0,22.0,8.0,3.0
2014/3/21,86.0,60.0,55.0,30.0,8.0,3.0
2014/3/22,117.0,51.0,43.0,21.0,5.0,3.0
2014/3/23,93.0,47.0,35.0,23.0,6.0,3.0
2014/3/24,101.0,59.0,19.0,38.0,9.0,6.0
2014/3/25,140.0,72.0,35.0,35.0,11.0,9.0
2014/3/26,163.0,44.0,39.0,28.0,4.0,4.0
2014/3/27,113.0,38.0,37.0,22.0,5.0,5.0
2014/3/28,110.0,60.0,19.0,35.0,6.0,10.0
2014/3/29,153.0,78.0,52.0,27.0,13.0,8.0
2014/3/30,169.0,57.0,44.0,26.0,5.0,5.0
2014/3/31,143.0,52.0,45.0,22.0,4.0,4.0
2014/4/1,126.0,51.0,35.0,26.0,5.0,4.0
2014/4/2,125.0,51.0,55.0,23.0,6.0,3.0
2014/4/3,130.0,62.0,47.0,25.0,12.0,5.0
2014/4/4,118.0,76.0,44.0,30.0,12.0,5.0
2014/4/5,130.0,44.0,41.0,15.0,4.0,2.0
2014/4/6,70.0,44.0,42.0,18.0,4.0,4.0
2014/4/7,101.0,61.0,37.0,34.0,9.0,5.0
2014/4/8,145.0,64.0,51.0,25.0,5.0,5.0
2014/4/9,154.0,65.0,65.0,30.0,6.0,4.0
2014/4/10,143.0,60.0,43.0,21.0,3.0,3.0
2014/4/11,136.0,45.0,32.0,25.0,3.0,5.0
2014/4/12,120.0,42.0,44.0,15.0,4.0,4.0
2014/4/13,116.0,63.0,57.0,29.0,6.0,5.0
2014/4/14,152.0,54.0,55.0,25.0,5.0,3.0
2014/4/15,119.0,45.0,41.0,27.0,3.0,4.0
2014/4/16,109.0,104.0,11.0,47.0,12.0,12.0
2014/4/17,190.0,63.0,45.0,26.0,9.0,7.0
2014/4/18,140.0,26.0,41.0,15.0,2.0,4.0
2014/4/19,81.0,47.0,41.0,15.0,3.0,4.0
2014/4/20,107.0,49.0,38.0,23.0,3.0,4.0
2014/4/21,123.0,55.0,42.0,27.0,4.0,5.0
2014/4/22,133.0,70.0,52.0,39.0,7.0,7.0
2014/4/23,138.0,60.0,53.0,19.0,3.0,6.0
2014/4/24,132.0,47.0,51.0,14.0,3.0,3.0
2014/4/25,89.0,20.0,35.0,15.0,2.0,3.0
2014/4/26,69.0,49.0,29.0,23.0,4.0,8.0
2014/4/27,121.0,54.0,30.0,24.0,6.0,6.0
2014/4/28,133.0,72.0,65.0,29.0,14.0,8.0
2014/4/29,153.0,64.0,68.0,31.0,7.0,7.0
2014/4/30,150.0,84.0,95.0,23.0,8.0,6.0
2014/5/1,167.0,96.0,79.0,30.0,12.0,6.0
2014/5/2,161.0,67.0,47.0,17.0,6.0,4.0
2014/5/3,109.0,61.0,31.0,31.0,5.0,6.0
2014/5/4,127.0,59.0,52.0,20.0,7.0,3.0
2014/5/5,96.0,64.0,63.0,21.0,6.0,3.0
2014/5/6,105.0,66.0,69.0,20.0,7.0,4.0
2014/5/7,119.0,82.0,78.0,29.0,9.0,7.0
2014/5/8,155.0,54.0,48.0,19.0,5.0,5.0
2014/5/9,130.0,46.0,40.0,13.0,2.0,4.0
2014/5/10,122.0,32.0,26.0,14.0,3.0,5.0
2014/5/11,101.0,73.0,79.0,26.0,8.0,8.0
2014/5/12,165.0,66.0,65.0,26.0,7.0,6.0
2014/5/13,145.0,64.0,104.0,23.0,7.0,9.0
2014/5/14,147.0,73.0,72.0,28.0,7.0,7.0
2014/5/15,148.0,90.0,71.0,28.0,6.0,5.0
2014/5/16,139.0,56.0,54.0,15.0,2.0,6.0
2014/5/17,135.0,38.0,45.0,12.0,2.0,4.0
2014/5/18,94.0,46.0,36.0,18.0,2.0,5.0
2014/5/19,125.0,65.0,57.0,21.0,4.0,6.0
2014/5/20,152.0,81.0,110.0,24.0,7.0,8.0
2014/5/21,163.0,67.0,71.0,16.0,4.0,5.0
2014/5/22,141.0,36.0,47.0,13.0,2.0,3.0
2014/5/23,84.0,34.0,42.0,9.0,2.0,3.0
2014/5/24,83.0,65.0,35.0,22.0,5.0,8.0
2014/5/25,133.0,129.0,76.0,24.0,9.0,8.0
2014/5/26,175.0,139.0,96.0,29.0,9.0,7.0
2014/5/27,188.0,138.0,87.0,36.0,15.0,8.0
2014/5/28,169.0,113.0,92.0,39.0,14.0,6.0
2014/5/29,140.0,120.0,90.0,38.0,10.0,6.0
2014/5/30,158.0,66.0,65.0,12.0,4.0,5.0
2014/5/31,127.0,29.0,41.0,8.0,2.0,4.0
2014/6/1,82.0,47.0,39.0,12.0,3.0,7.0
2014/6/2,118.0,47.0,39.0,16.0,5.0,6.0
2014/6/3,124.0,61.0,38.0,20.0,7.0,6.0
2014/6/4,151.0,47.0,42.0,21.0,4.0,5.0
2014/6/5,120.0,51.0,49.0,18.0,3.0,5.0
2014/6/6,125.0,61.0,77.0,17.0,3.0,6.0
2014/6/7,135.0,44.0,39.0,13.0,2.0,5.0
2014/6/8,116.0,40.0,44.0,11.0,2.0,5.0
2014/6/9,92.0,37.0,29.0,13.0,2.0,4.0
2014/6/10,84.0,38.0,39.0,13.0,2.0,4.0
2014/6/11,85.0,60.0,59.0,23.0,5.0,6.0
2014/6/12,131.0,79.0,113.0,27.0,7.0,7.0
2014/6/13,160.0,96.0,130.0,30.0,8.0,8.0
2014/6/14,167.0,63.0,47.0,20.0,4.0,5.0
2014/6/15,130.0,31.0,38.0,12.0,2.0,5.0
2014/6/16,74.0,47.0,37.0,21.0,1.0,6.0
2014/6/17,118.0,32.0,44.0,17.0,2.0,5.0
2014/6/18,84.0,46.0,50.0,15.0,2.0,5.0
2014/6/19,105.0,37.0,35.0,22.0,1.0,6.0
2014/6/20,88.0,34.0,30.0,21.0,1.0,5.0
2014/6/21,94.0,24.0,36.0,14.0,1.0,4.0
2014/6/22,68.0,38.0,28.0,20.0,2.0,5.0
2014/6/23,93.0,50.0,69.0,17.0,3.0,6.0
2014/6/24,119.0,25.0,36.0,19.0,2.0,6.0
2014/6/25,69.0,18.0,34.0,23.0,1.0,7.0
2014/6/26,56.0,27.0,29.0,21.0,2.0,6.0
2014/6/27,61.0,73.0,64.0,32.0,4.0,9.0
2014/6/28,141.0,80.0,90.0,29.0,7.0,8.0
2014/6/29,163.0,59.0,49.0,23.0,4.0,6.0
2014/6/30,138.0,46.0,33.0,18.0,1.0,5.0
2014/7/1,108.0,48.0,27.0,21.0,1.0,8.0
2014/7/2,116.0,70.0,63.0,20.0,4.0,9.0
2014/7/3,148.0,46.0,47.0,20.0,2.0,7.0
2014/7/4,104.0,42.0,41.0,15.0,1.0,5.0
2014/7/5,82.0,51.0,51.0,15.0,3.0,9.0
2014/7/6,127.0,51.0,41.0,21.0,4.0,7.0
2014/7/7,110.0,31.0,35.0,12.0,2.0,4.0
2014/7/8,64.0,37.0,22.0,10.0,3.0,5.0
2014/7/9,70.0,83.0,93.0,23.0,5.0,9.0
2014/7/10,140.0,95.0,57.0,26.0,3.0,9.0
2014/7/11,168.0,65.0,71.0,26.0,1.0,8.0
2014/7/12,137.0,44.0,37.0,20.0,3.0,7.0
2014/7/13,97.0,67.0,86.0,20.0,3.0,7.0
2014/7/14,140.0,35.0,38.0,22.0,2.0,6.0
2014/7/15,85.0,59.0,44.0,32.0,5.0,7.0
2014/7/16,121.0,38.0,46.0,13.0,3.0,4.0
2014/7/17,57.0,33.0,36.0,11.0,3.0,3.0
2014/7/18,50.0,39.0,43.0,12.0,3.0,4.0
2014/7/19,55.0,36.0,48.0,12.0,4.0,4.0
2014/7/20,64.0,33.0,46.0,11.0,5.0,4.0
2014/7/21,52.0,30.0,47.0,11.0,3.0,5.0
2014/7/22,46.0,35.0,26.0,10.0,3.0,4.0
2014/7/23,41.0,45.0,28.0,8.0,2.0,3.0
2014/7/24,61.0,46.0,41.0,14.0,3.0,6.0
2014/7/25,77.0,76.0,51.0,19.0,5.0,8.0
2014/7/26,160.0,48.0,34.0,16.0,4.0,5.0
2014/7/27,117.0,46.0,86.0,19.0,4.0,8.0
2014/7/28,102.0,48.0,62.0,13.0,4.0,5.0
2014/7/29,93.0,28.0,29.0,8.0,3.0,4.0
2014/7/30,48.0,23.0,19.0,7.0,3.0,6.0
2014/7/31,32.0,16.0,23.0,7.0,2.0,4.0
2014/8/1,46.0,18.0,23.0,9.0,2.0,4.0
2014/8/2,42.0,59.0,78.0,16.0,4.0,7.0
2014/8/3,128.0,68.0,111.0,22.0,5.0,9.0
2014/8/4,145.0,47.0,66.0,12.0,3.0,5.0
2014/8/5,92.0,35.0,67.0,12.0,4.0,7.0
2014/8/6,63.0,27.0,34.0,10.0,3.0,4.0
2014/8/7,54.0,33.0,15.0,14.0,3.0,4.0
2014/8/8,59.0,32.0,16.0,20.0,2.0,4.0
2014/8/9,63.0,56.0,40.0,21.0,5.0,9.0
2014/8/10,126.0,40.0,51.0,14.0,4.0,6.0
2014/8/11,85.0,38.0,39.0,22.0,4.0,6.0
2014/8/12,75.0,53.0,50.0,12.0,3.0,5.0
2014/8/13,104.0,32.0,38.0,15.0,2.0,8.0
2014/8/14,60.0,38.0,34.0,22.0,4.0,6.0
2014/8/15,76.0,45.0,44.0,14.0,3.0,5.0
2014/8/16,95.0,29.0,33.0,16.0,2.0,6.0
2014/8/17,55.0,39.0,20.0,23.0,4.0,8.0
2014/8/18,87.0,21.0,29.0,22.0,2.0,6.0
2014/8/19,42.0,22.0,27.0,25.0,3.0,6.0
2014/8/20,50.0,55.0,82.0,25.0,5.0,8.0
2014/8/21,120.0,45.0,44.0,17.0,3.0,5.0
2014/8/22,95.0,54.0,52.0,17.0,4.0,6.0
2014/8/23,108.0,66.0,89.0,21.0,6.0,10.0
2014/8/24,132.0,53.0,70.0,15.0,5.0,8.0
2014/8/25,116.0,62.0,60.0,21.0,5.0,11.0
2014/8/26,117.0,44.0,38.0,22.0,4.0,7.0
2014/8/27,98.0,45.0,41.0,16.0,4.0,8.0
2014/8/28,99.0,45.0,26.0,24.0,4.0,8.0
2014/8/29,97.0,27.0,38.0,15.0,4.0,4.0
2014/8/30,57.0,28.0,34.0,14.0,3.0,4.0
2014/8/31,50.0,45.0,41.0,15.0,4.0,5.0
2014/9/1,87.0,54.0,70.0,19.0,6.0,6.0
2014/9/2,104.0,39.0,35.0,23.0,5.0,8.0
2014/9/3,91.0,83.0,97.0,23.0,13.0,11.0
2014/9/4,168.0,71.0,87.0,18.0,5.0,8.0
2014/9/5,154.0,48.0,59.0,13.0,4.0,6.0
2014/9/6,106.0,38.0,53.0,13.0,4.0,5.0
2014/9/7,81.0,45.0,62.0,16.0,5.0,5.0
2014/9/8,95.0,42.0,48.0,13.0,4.0,5.0
2014/9/9,84.0,50.0,44.0,13.0,5.0,5.0
2014/9/10,105.0,29.0,52.0,14.0,5.0,4.0
2014/9/11,38.0,37.0,41.0,15.0,4.0,5.0
2014/9/12,53.0,21.0,33.0,12.0,3.0,5.0
2014/9/13,43.0,29.0,36.0,8.0,3.0,4.0
2014/9/14,38.0,24.0,41.0,7.0,5.0,7.0
2014/9/15,40.0,41.0,50.0,12.0,4.0,5.0
2014/9/16,70.0,36.0,40.0,15.0,5.0,5.0
2014/9/17,48.0,28.0,35.0,16.0,4.0,5.0
2014/9/18,58.0,40.0,23.0,28.0,5.0,7.0
2014/9/19,95.0,51.0,40.0,25.0,8.0,8.0
2014/9/20,112.0,25.0,46.0,10.0,4.0,4.0
2014/9/21,38.0,32.0,42.0,9.0,3.0,5.0
2014/9/22,39.0,15.0,15.0,11.0,3.0,5.0
2014/9/23,42.0,33.0,26.0,16.0,4.0,9.0
2014/9/24,83.0,51.0,68.0,21.0,5.0,7.0
2014/9/25,121.0,62.0,64.0,18.0,4.0,6.0
2014/9/26,139.0,51.0,52.0,16.0,3.0,6.0
2014/9/27,102.0,35.0,48.0,13.0,3.0,5.0
2014/9/28,54.0,59.0,47.0,17.0,4.0,7.0
2014/9/29,109.0,28.0,41.0,9.0,4.0,5.0
2014/9/30,61.0,39.0,43.0,15.0,4.0,5.0
2014/10/1,73.0,60.0,88.0,19.0,5.0,11.0
2014/10/2,117.0,56.0,56.0,11.0,4.0,7.0
2014/10/3,122.0,35.0,50.0,6.0,3.0,8.0
2014/10/4,66.0,50.0,52.0,12.0,3.0,7.0
2014/10/5,90.0,55.0,51.0,14.0,4.0,7.0
2014/10/6,106.0,44.0,53.0,16.0,4.0,6.0
2014/10/7,88.0,38.0,46.0,19.0,5.0,5.0
2014/10/8,74.0,37.0,51.0,17.0,4.0,5.0
2014/10/9,77.0,46.0,60.0,16.0,4.0,8.0
2014/10/10,92.0,49.0,45.0,9.0,3.0,5.0
2014/10/11,99.0,52.0,49.0,6.0,4.0,5.0
2014/10/12,89.0,63.0,41.0,10.0,5.0,6.0
2014/10/13,92.0,63.0,42.0,23.0,11.0,7.0
2014/10/14,121.0,87.0,64.0,43.0,18.0,10.0
2014/10/15,167.0,101.0,64.0,46.0,11.0,9.0
2014/10/16,165.0,49.0,39.0,24.0,5.0,4.0
2014/10/17,65.0,37.0,41.0,21.0,4.0,4.0
2014/10/18,57.0,45.0,47.0,16.0,4.0,4.0
2014/10/19,67.0,68.0,80.0,29.0,5.0,6.0
2014/10/20,127.0,76.0,32.0,33.0,5.0,8.0
2014/10/21,135.0,53.0,43.0,16.0,8.0,5.0
2014/10/22,124.0,52.0,44.0,24.0,4.0,5.0
2014/10/23,105.0,48.0,52.0,29.0,4.0,4.0
2014/10/24,89.0,46.0,55.0,27.0,4.0,4.0
2014/10/25,84.0,64.0,60.0,32.0,5.0,6.0
2014/10/26,136.0,59.0,37.0,17.0,6.0,5.0
2014/10/27,122.0,48.0,41.0,18.0,4.0,4.0
2014/10/28,67.0,47.0,30.0,32.0,4.0,5.0
2014/10/29,81.0,52.0,19.0,34.0,6.0,6.0
2014/10/30,119.0,48.0,14.0,34.0,4.0,10.0
2014/10/31,128.0,61.0,13.0,24.0,5.0,10.0
2014/11/1,150.0,57.0,34.0,18.0,6.0,6.0
2014/11/2,138.0,53.0,36.0,22.0,10.0,5.0
2014/11/3,103.0,54.0,43.0,32.0,7.0,6.0
2014/11/4,107.0,51.0,46.0,29.0,7.0,4.0
2014/11/5,100.0,95.0,63.0,34.0,10.0,9.0
2014/11/6,183.0,57.0,38.0,17.0,7.0,5.0
2014/11/7,112.0,37.0,27.0,20.0,5.0,4.0
2014/11/8,85.0,42.0,41.0,17.0,8.0,5.0
2014/11/9,107.0,62.0,42.0,21.0,9.0,7.0
2014/11/10,154.0,59.0,35.0,37.0,12.0,6.0
2014/11/11,136.0,102.0,27.0,32.0,14.0,11.0
2014/11/12,189.0,60.0,29.0,25.0,11.0,5.0
2014/11/13,99.0,67.0,34.0,45.0,14.0,6.0
2014/11/14,127.0,57.0,38.0,32.0,8.0,5.0
2014/11/15,108.0,58.0,21.0,27.0,5.0,6.0
2014/11/16,151.0,93.0,39.0,27.0,13.0,8.0
2014/11/17,189.0,62.0,37.0,27.0,11.0,7.0
2014/11/18,152.0,46.0,35.0,30.0,8.0,5.0
2014/11/19,104.0,49.0,34.0,32.0,6.0,4.0
2014/11/20,99.0,52.0,36.0,30.0,6.0,4.0
2014/11/21,107.0,69.0,19.0,37.0,6.0,7.0
2014/11/22,150.0,43.0,27.0,22.0,5.0,4.0
2014/11/23,107.0,35.0,24.0,20.0,5.0,4.0
2014/11/24,91.0,44.0,25.0,17.0,5.0,6.0
2014/11/25,95.0,60.0,25.0,32.0,8.0,7.0
2014/11/26,129.0,46.0,34.0,31.0,6.0,4.0
2014/11/27,76.0,55.0,19.0,25.0,6.0,9.0
2014/11/28,142.0,50.0,30.0,27.0,6.0,7.0
2014/11/29,116.0,39.0,19.0,20.0,5.0,9.0
2014/11/30,112.0,83.0,23.0,17.0,12.0,7.0
2014/12/1,137.0,61.0,19.0,27.0,15.0,7.0
2014/12/2,117.0,68.0,9.0,37.0,15.0,8.0
2014/12/3,150.0,80.0,16.0,34.0,24.0,10.0
2014/12/4,170.0,76.0,19.0,34.0,26.0,8.0
2014/12/5,156.0,79.0,18.0,44.0,26.0,10.0
2014/12/6,161.0,75.0,15.0,49.0,17.0,9.0
2014/12/7,147.0,87.0,27.0,30.0,18.0,8.0
2014/12/8,179.0,39.0,25.0,24.0,8.0,4.0
2014/12/9,98.0,57.0,5.0,39.0,14.0,7.0
2014/12/10,126.0,88.0,20.0,23.0,11.0,7.0
2014/12/11,160.0,88.0,15.0,31.0,21.0,8.0
2014/12/12,161.0,82.0,16.0,36.0,27.0,10.0
2014/12/13,161.0,89.0,18.0,45.0,21.0,12.0
2014/12/14,166.0,81.0,10.0,44.0,17.0,9.0
2014/12/15,161.0,100.0,17.0,27.0,22.0,8.0
2014/12/16,149.0,71.0,18.0,29.0,21.0,8.0
2014/12/17,134.0,87.0,16.0,45.0,14.0,11.0
2014/12/18,149.0,67.0,5.0,44.0,13.0,9.0
2014/12/19,144.0,67.0,23.0,30.0,16.0,8.0
2014/12/20,136.0,68.0,13.0,29.0,22.0,9.0
2014/12/21,147.0,78.0,15.0,38.0,24.0,10.0
2014/12/22,158.0,71.0,22.0,38.0,14.0,9.0
2014/12/23,141.0,101.0,17.0,48.0,28.0,14.0
2014/12/24,191.0,40.0,26.0,20.0,10.0,6.0
2014/12/25,96.0,32.0,24.0,22.0,8.0,5.0
2014/12/26,86.0,33.0,23.0,24.0,10.0,5.0
2014/12/27,85.0,59.0,19.0,39.0,15.0,8.0
2014/12/28,134.0,,,,,
2014/12/31,,55.0,24.0,19.0,15.0,6.0
2015/1/1,126.0,73.0,16.0,40.0,26.0,10.0
2015/1/2,163.0,89.0,20.0,44.0,19.0,11.0
2015/1/3,173.0,100.0,14.0,68.0,23.0,13.0
2015/1/4,187.0,74.0,20.0,49.0,13.0,8.0
2015/1/5,158.0,78.0,25.0,23.0,11.0,9.0
2015/1/6,147.0,44.0,25.0,21.0,11.0,5.0
2015/1/7,111.0,64.0,21.0,35.0,21.0,10.0
2015/1/8,157.0,116.0,18.0,64.0,27.0,16.0
2015/1/9,205.0,130.0,22.0,69.0,30.0,19.0
2015/1/10,222.0,136.0,33.0,57.0,37.0,16.0
2015/1/11,245.0,29.0,26.0,16.0,8.0,5.0
2015/1/12,76.0,24.0,19.0,24.0,7.0,4.0
2015/1/13,74.0,19.0,21.0,21.0,5.0,5.0
2015/1/14,81.0,58.0,13.0,26.0,9.0,8.0
2015/1/15,162.0,84.0,18.0,32.0,12.0,10.0
2015/1/16,182.0,66.0,24.0,18.0,11.0,8.0
2015/1/17,151.0,71.0,25.0,37.0,13.0,8.0
2015/1/18,147.0,105.0,23.0,39.0,21.0,11.0
2015/1/19,164.0,62.0,30.0,28.0,8.0,5.0
2015/1/20,103.0,90.0,21.0,39.0,15.0,9.0
2015/1/21,172.0,90.0,10.0,27.0,15.0,12.0
2015/1/22,191.0,82.0,31.0,34.0,12.0,9.0
2015/1/23,181.0,87.0,31.0,41.0,10.0,10.0
2015/1/24,178.0,97.0,26.0,39.0,8.0,12.0
2015/1/25,188.0,86.0,28.0,29.0,9.0,10.0
2015/1/26,181.0,51.0,29.0,17.0,9.0,7.0
2015/1/27,125.0,28.0,23.0,17.0,8.0,4.0
2015/1/28,78.0,15.0,21.0,23.0,6.0,4.0
2015/1/29,68.0,58.0,23.0,21.0,10.0,7.0
2015/1/30,153.0,40.0,28.0,21.0,12.0,6.0
2015/1/31,110.0,31.0,24.0,23.0,13.0,5.0
2015/2/1,80.0,30.0,17.0,28.0,8.0,5.0
2015/2/2,92.0,43.0,14.0,36.0,10.0,5.0
2015/2/3,118.0,113.0,30.0,38.0,29.0,12.0
2015/2/4,229.0,78.0,30.0,30.0,18.0,9.0
2015/2/5,177.0,66.0,24.0,45.0,16.0,10.0
2015/2/6,160.0,82.0,29.0,50.0,15.0,11.0
2015/2/7,178.0,53.0,32.0,15.0,10.0,7.0
2015/2/8,113.0,35.0,29.0,18.0,9.0,6.0
2015/2/9,99.0,53.0,32.0,34.0,10.0,8.0
2015/2/10,146.0,66.0,38.0,41.0,12.0,9.0
2015/2/11,158.0,123.0,32.0,36.0,23.0,13.0
2015/2/12,222.0,47.0,47.0,24.0,9.0,6.0
2015/2/13,131.0,58.0,58.0,19.0,7.0,6.0
2015/2/14,137.0,58.0,30.0,28.0,6.0,7.0
2015/2/15,142.0,83.0,25.0,20.0,6.0,12.0
2015/2/16,179.0,105.0,45.0,23.0,9.0,11.0
2015/2/17,188.0,79.0,40.0,18.0,10.0,8.0
2015/2/18,143.0,30.0,37.0,8.0,8.0,4.0
2015/2/19,76.0,20.0,35.0,7.0,5.0,4.0
2015/2/20,68.0,48.0,23.0,13.0,5.0,8.0
2015/2/21,131.0,90.0,33.0,14.0,7.0,10.0
2015/2/22,186.0,92.0,37.0,12.0,7.0,6.0
2015/2/23,138.0,77.0,38.0,13.0,6.0,7.0
2015/2/24,127.0,31.0,31.0,21.0,5.0,6.0
2015/2/25,83.0,52.0,33.0,15.0,5.0,6.0
2015/2/26,127.0,32.0,36.0,14.0,6.0,5.0
2015/2/27,80.0,16.0,28.0,16.0,5.0,5.0
2015/2/28,68.0,60.0,35.0,18.0,10.0,8.0
2015/3/1,152.0,82.0,53.0,26.0,10.0,9.0
2015/3/2,177.0,70.0,33.0,20.0,8.0,8.0
2015/3/3,158.0,44.0,32.0,11.0,8.0,5.0
2015/3/4,78.0,33.0,30.0,12.0,6.0,5.0
2015/3/5,71.0,34.0,34.0,18.0,7.0,6.0
2015/3/6,91.0,34.0,39.0,20.0,8.0,5.0
2015/3/7,102.0,29.0,23.0,25.0,6.0,7.0
2015/3/8,88.0,40.0,33.0,14.0,6.0,6.0
2015/3/9,109.0,37.0,35.0,13.0,7.0,5.0
2015/3/10,78.0,52.0,34.0,33.0,11.0,7.0
2015/3/11,123.0,70.0,65.0,34.0,8.0,9.0
2015/3/12,155.0,88.0,43.0,43.0,11.0,10.0
2015/3/13,167.0,84.0,43.0,27.0,9.0,12.0
2015/3/14,174.0,51.0,43.0,15.0,8.0,10.0
2015/3/15,139.0,31.0,36.0,17.0,11.0,8.0
2015/3/16,94.0,38.0,34.0,19.0,6.0,8.0
2015/3/17,102.0,51.0,23.0,23.0,6.0,10.0
2015/3/18,130.0,65.0,33.0,24.0,9.0,9.0
2015/3/19,155.0,59.0,37.0,27.0,5.0,6.0
2015/3/20,151.0,81.0,41.0,37.0,8.0,11.0
2015/3/21,167.0,86.0,44.0,30.0,9.0,9.0
2015/3/22,132.0,73.0,33.0,17.0,7.0,4.0
2015/3/23,79.0,37.0,40.0,14.0,6.0,4.0
2015/3/24,61.0,36.0,44.0,13.0,6.0,4.0
2015/3/25,70.0,40.0,51.0,13.0,5.0,4.0
2015/3/26,79.0,30.0,43.0,18.0,3.0,5.0
2015/3/27,89.0,68.0,64.0,36.0,6.0,9.0
2015/3/28,153.0,75.0,79.0,29.0,9.0,9.0
2015/3/29,163.0,43.0,48.0,16.0,5.0,7.0
2015/3/30,108.0,65.0,71.0,26.0,6.0,9.0
2015/3/31,135.0,59.0,28.0,33.0,6.0,7.0
2015/4/1,125.0,57.0,47.0,19.0,5.0,5.0
2015/4/2,98.0,61.0,37.0,18.0,5.0,10.0
2015/4/3,148.0,58.0,36.0,20.0,6.0,10.0
2015/4/4,126.0,55.0,37.0,20.0,5.0,8.0
2015/4/5,136.0,24.0,37.0,9.0,5.0,5.0
2015/4/6,64.0,35.0,34.0,8.0,5.0,3.0
2015/4/7,79.0,35.0,43.0,15.0,6.0,4.0
2015/4/8,91.0,39.0,48.0,20.0,5.0,4.0
2015/4/9,82.0,50.0,50.0,24.0,7.0,5.0
2015/4/10,120.0,52.0,59.0,23.0,7.0,4.0
2015/4/11,119.0,62.0,68.0,22.0,7.0,4.0
2015/4/12,135.0,58.0,40.0,15.0,8.0,5.0
2015/4/13,127.0,60.0,45.0,25.0,7.0,7.0
2015/4/14,148.0,84.0,64.0,54.0,10.0,7.0
2015/4/15,155.0,92.0,45.0,45.0,11.0,8.0
2015/4/16,152.0,93.0,46.0,20.0,6.0,5.0
2015/4/17,96.0,77.0,39.0,28.0,7.0,7.0
2015/4/18,142.0,105.0,26.0,43.0,7.0,10.0
2015/4/19,182.0,56.0,44.0,18.0,7.0,6.0
2015/4/20,122.0,63.0,57.0,28.0,9.0,5.0
2015/4/21,108.0,84.0,104.0,44.0,11.0,7.0
2015/4/22,155.0,76.0,83.0,39.0,10.0,6.0
2015/4/23,151.0,77.0,40.0,45.0,10.0,6.0
2015/4/24,138.0,97.0,74.0,49.0,11.0,9.0
2015/4/25,148.0,65.0,100.0,27.0,9.0,5.0
2015/4/26,130.0,68.0,65.0,16.0,8.0,5.0
2015/4/27,126.0,77.0,83.0,20.0,8.0,7.0
2015/4/28,157.0,48.0,35.0,20.0,5.0,6.0
2015/4/29,123.0,69.0,61.0,25.0,9.0,7.0
2015/4/30,150.0,46.0,65.0,12.0,5.0,6.0
2015/5/1,118.0,59.0,51.0,16.0,4.0,6.0
2015/5/2,128.0,58.0,54.0,13.0,6.0,7.0
2015/5/3,138.0,79.0,67.0,27.0,9.0,9.0
2015/5/4,145.0,55.0,54.0,21.0,6.0,4.0
2015/5/5,74.0,71.0,61.0,22.0,7.0,5.0
2015/5/6,109.0,55.0,68.0,22.0,6.0,5.0
2015/5/7,129.0,58.0,56.0,21.0,6.0,4.0
2015/5/8,91.0,24.0,43.0,14.0,4.0,6.0
2015/5/9,81.0,48.0,66.0,19.0,6.0,4.0
2015/5/10,105.0,44.0,37.0,18.0,4.0,5.0
2015/5/11,88.0,59.0,55.0,22.0,8.0,5.0
2015/5/12,128.0,89.0,92.0,33.0,10.0,5.0
2015/5/13,121.0,72.0,45.0,29.0,8.0,6.0
2015/5/14,129.0,57.0,9.0,29.0,6.0,8.0
2015/5/15,115.0,50.0,53.0,13.0,7.0,4.0
2015/5/16,122.0,44.0,54.0,22.0,5.0,4.0
2015/5/17,114.0,54.0,26.0,31.0,7.0,9.0
2015/5/18,126.0,70.0,69.0,27.0,6.0,9.0
2015/5/19,158.0,57.0,66.0,17.0,6.0,5.0
2015/5/20,121.0,39.0,49.0,19.0,6.0,4.0
2015/5/21,73.0,42.0,65.0,15.0,5.0,5.0
2015/5/22,91.0,45.0,35.0,16.0,2.0,7.0
2015/5/23,102.0,43.0,41.0,14.0,6.0,6.0
2015/5/24,107.0,49.0,51.0,13.0,5.0,6.0
2015/5/25,91.0,45.0,62.0,18.0,6.0,5.0
2015/5/26,86.0,49.0,45.0,14.0,5.0,5.0
2015/5/27,115.0,40.0,39.0,13.0,5.0,5.0
2015/5/28,99.0,38.0,38.0,14.0,3.0,4.0
2015/5/29,81.0,44.0,30.0,17.0,5.0,5.0
2015/5/30,103.0,53.0,52.0,20.0,5.0,6.0
2015/5/31,121.0,59.0,71.0,14.0,6.0,4.0
2015/6/1,134.0,42.0,23.0,21.0,4.0,6.0
2015/6/2,92.0,35.0,37.0,16.0,6.0,3.0
2015/6/3,63.0,49.0,48.0,23.0,5.0,4.0
2015/6/4,77.0,60.0,143.0,19.0,8.0,5.0
2015/6/5,136.0,75.0,110.0,16.0,6.0,5.0
2015/6/6,137.0,36.0,45.0,12.0,4.0,5.0
2015/6/7,79.0,23.0,32.0,19.0,4.0,6.0
2015/6/8,55.0,56.0,58.0,27.0,7.0,7.0
2015/6/9,119.0,36.0,32.0,19.0,4.0,5.0
2015/6/10,85.0,78.0,72.0,23.0,7.0,8.0
2015/6/11,128.0,102.0,107.0,29.0,8.0,7.0
2015/6/12,145.0,88.0,82.0,27.0,8.0,8.0
2015/6/13,138.0,60.0,62.0,24.0,7.0,6.0
2015/6/14,100.0,63.0,44.0,26.0,6.0,7.0
2015/6/15,106.0,35.0,57.0,16.0,2.0,7.0
2015/6/16,85.0,25.0,50.0,19.0,3.0,6.0
2015/6/17,66.0,26.0,48.0,15.0,3.0,5.0
2015/6/18,64.0,50.0,60.0,16.0,3.0,5.0
2015/6/19,114.0,45.0,59.0,14.0,3.0,5.0
2015/6/20,99.0,51.0,47.0,13.0,3.0,5.0
2015/6/21,116.0,28.0,44.0,15.0,3.0,4.0
2015/6/22,76.0,56.0,34.0,25.0,5.0,7.0
2015/6/23,128.0,57.0,62.0,20.0,4.0,5.0
2015/6/24,128.0,65.0,64.0,25.0,5.0,6.0
2015/6/25,114.0,42.0,25.0,26.0,4.0,8.0
2015/6/26,98.0,17.0,40.0,15.0,3.0,5.0
2015/6/27,51.0,12.0,41.0,13.0,3.0,6.0
2015/6/28,45.0,42.0,33.0,19.0,3.0,6.0
2015/6/29,99.0,64.0,55.0,23.0,5.0,7.0
2015/6/30,134.0,37.0,57.0,22.0,3.0,7.0
2015/7/1,97.0,55.0,74.0,23.0,3.0,7.0
2015/7/2,130.0,65.0,71.0,17.0,3.0,7.0
2015/7/3,155.0,56.0,51.0,14.0,2.0,5.0
2015/7/4,121.0,30.0,49.0,14.0,3.0,5.0
2015/7/5,77.0,21.0,40.0,15.0,3.0,4.0
2015/7/6,70.0,21.0,44.0,10.0,3.0,4.0
2015/7/7,64.0,30.0,38.0,11.0,4.0,5.0
2015/7/8,78.0,32.0,33.0,13.0,3.0,4.0
2015/7/9,83.0,29.0,25.0,6.0,3.0,5.0
2015/7/10,73.0,8.0,25.0,1.0,2.0,3.0
2015/7/11,27.0,23.0,36.0,8.0,3.0,4.0
2015/7/12,57.0,70.0,120.0,21.0,6.0,7.0
2015/7/13,143.0,76.0,101.0,26.0,6.0,7.0
2015/7/14,153.0,40.0,37.0,17.0,5.0,3.0
2015/7/15,81.0,35.0,26.0,14.0,5.0,3.0
2015/7/16,78.0,44.0,31.0,13.0,4.0,4.0
2015/7/17,91.0,43.0,34.0,11.0,6.0,4.0
2015/7/18,73.0,30.0,29.0,6.0,4.0,4.0
2015/7/19,62.0,35.0,30.0,8.0,4.0,4.0
2015/7/20,68.0,50.0,30.0,17.0,5.0,4.0
2015/7/21,102.0,46.0,35.0,21.0,4.0,5.0
2015/7/22,96.0,40.0,36.0,17.0,4.0,6.0
2015/7/23,93.0,51.0,66.0,17.0,5.0,6.0
2015/7/24,98.0,58.0,90.0,20.0,5.0,7.0
2015/7/25,121.0,71.0,92.0,27.0,5.0,9.0
2015/7/26,143.0,62.0,97.0,18.0,6.0,7.0
2015/7/27,119.0,61.0,112.0,15.0,8.0,6.0
2015/7/28,122.0,64.0,116.0,19.0,6.0,6.0
2015/7/29,118.0,54.0,108.0,15.0,6.0,5.0
2015/7/30,93.0,61.0,97.0,15.0,10.0,5.0
2015/7/31,104.0,65.0,96.0,13.0,9.0,6.0
2015/8/1,128.0,63.0,109.0,12.0,6.0,5.0
2015/8/2,121.0,57.0,112.0,9.0,5.0,6.0
2015/8/3,110.0,58.0,122.0,10.0,5.0,5.0
2015/8/4,109.0,53.0,107.0,9.0,5.0,5.0
2015/8/5,100.0,33.0,30.0,4.0,4.0,4.0
2015/8/6,69.0,25.0,14.0,3.0,3.0,4.0
2015/8/7,65.0,21.0,15.0,2.0,2.0,4.0
2015/8/8,45.0,21.0,14.0,1.0,2.0,5.0
2015/8/9,43.0,23.0,24.0,5.0,4.0,5.0
2015/8/10,55.0,27.0,32.0,9.0,6.0,5.0
2015/8/11,63.0,39.0,41.0,12.0,7.0,7.0
2015/8/12,84.0,56.0,74.0,15.0,4.0,7.0
2015/8/13,122.0,46.0,61.0,14.0,4.0,5.0
2015/8/14,97.0,39.0,44.0,10.0,4.0,6.0
2015/8/15,74.0,40.0,34.0,11.0,4.0,7.0
2015/8/16,89.0,50.0,59.0,10.0,4.0,7.0
2015/8/17,110.0,52.0,56.0,10.0,4.0,6.0
2015/8/18,119.0,35.0,53.0,11.0,3.0,5.0
2015/8/19,75.0,47.0,58.0,15.0,4.0,7.0
2015/8/20,98.0,30.0,28.0,17.0,5.0,7.0
2015/8/21,66.0,23.0,37.0,15.0,4.0,7.0
2015/8/22,68.0,17.0,38.0,9.0,4.0,6.0
2015/8/23,61.0,27.0,42.0,10.0,2.0,6.0
2015/8/24,72.0,44.0,69.0,14.0,6.0,7.0
2015/8/25,93.0,54.0,97.0,22.0,7.0,8.0
2015/8/26,114.0,87.0,107.0,31.0,8.0,9.0
2015/8/27,166.0,81.0,92.0,27.0,8.0,10.0
2015/8/28,162.0,72.0,79.0,13.0,5.0,9.0
2015/8/29,152.0,61.0,67.0,10.0,6.0,7.0
2015/8/30,139.0,49.0,55.0,11.0,4.0,7.0
2015/8/31,107.0,56.0,73.0,13.0,5.0,8.0
2015/9/1,114.0,68.0,95.0,17.0,6.0,10.0
2015/9/2,137.0,70.0,111.0,17.0,10.0,11.0
2015/9/3,150.0,69.0,109.0,11.0,6.0,10.0
2015/9/4,152.0,48.0,57.0,10.0,4.0,8.0
2015/9/5,104.0,42.0,52.0,8.0,7.0,7.0
2015/9/6,91.0,24.0,50.0,7.0,4.0,5.0
2015/9/7,50.0,24.0,52.0,8.0,4.0,5.0
2015/9/8,47.0,23.0,57.0,8.0,5.0,5.0
2015/9/9,42.0,27.0,65.0,11.0,6.0,4.0
2015/9/10,58.0,37.0,76.0,14.0,6.0,5.0
2015/9/11,71.0,49.0,35.0,11.0,9.0,7.0
2015/9/12,114.0,43.0,43.0,12.0,7.0,6.0
2015/9/13,88.0,33.0,47.0,12.0,5.0,6.0
2015/9/14,61.0,32.0,27.0,17.0,4.0,6.0
2015/9/15,67.0,29.0,37.0,12.0,5.0,5.0
2015/9/16,61.0,39.0,56.0,15.0,7.0,5.0
2015/9/17,76.0,44.0,55.0,14.0,6.0,5.0
2015/9/18,88.0,32.0,55.0,11.0,5.0,4.0
2015/9/19,63.0,47.0,54.0,14.0,6.0,5.0
2015/9/20,101.0,45.0,53.0,14.0,5.0,5.0
2015/9/21,97.0,41.0,39.0,17.0,5.0,6.0
2015/9/22,86.0,40.0,50.0,17.0,4.0,6.0
2015/9/23,89.0,29.0,40.0,12.0,5.0,6.0
2015/9/24,69.0,40.0,50.0,9.0,6.0,5.0
2015/9/25,79.0,45.0,56.0,6.0,6.0,5.0
2015/9/26,88.0,44.0,53.0,5.0,5.0,5.0
2015/9/27,81.0,42.0,53.0,6.0,5.0,6.0
2015/9/28,78.0,21.0,35.0,5.0,3.0,4.0
2015/9/29,35.0,26.0,24.0,5.0,3.0,6.0
2015/9/30,47.0,43.0,42.0,7.0,6.0,7.0
2015/10/1,83.0,69.0,63.0,11.0,9.0,7.0
2015/10/2,90.0,61.0,83.0,12.0,6.0,6.0
2015/10/3,99.0,39.0,61.0,13.0,4.0,5.0
2015/10/4,79.0,30.0,38.0,17.0,3.0,5.0
2015/10/5,73.0,26.0,54.0,15.0,4.0,5.0
2015/10/6,59.0,30.0,54.0,11.0,4.0,5.0
2015/10/7,58.0,28.0,39.0,11.0,4.0,4.0
2015/10/8,50.0,67.0,54.0,23.0,10.0,9.0
2015/10/9,145.0,71.0,53.0,28.0,13.0,8.0
2015/10/10,114.0,62.0,53.0,23.0,11.0,7.0
2015/10/11,105.0,84.0,70.0,42.0,11.0,11.0
2015/10/12,168.0,86.0,77.0,51.0,14.0,11.0
2015/10/13,173.0,110.0,38.0,58.0,11.0,12.0
2015/10/14,168.0,39.0,57.0,24.0,4.0,5.0
2015/10/15,84.0,46.0,60.0,23.0,6.0,5.0
2015/10/16,104.0,39.0,45.0,24.0,7.0,5.0
2015/10/17,86.0,46.0,64.0,18.0,6.0,5.0
2015/10/18,108.0,46.0,60.0,17.0,7.0,4.0
2015/10/19,106.0,49.0,55.0,21.0,7.0,4.0
2015/10/20,100.0,52.0,66.0,19.0,6.0,6.0
2015/10/21,109.0,74.0,82.0,20.0,7.0,7.0
2015/10/22,160.0,57.0,50.0,19.0,7.0,6.0
2015/10/23,119.0,57.0,44.0,18.0,7.0,6.0
2015/10/24,118.0,54.0,43.0,16.0,7.0,7.0
2015/10/25,117.0,59.0,56.0,19.0,6.0,6.0
2015/10/26,116.0,69.0,32.0,22.0,10.0,10.0
2015/10/27,154.0,83.0,33.0,31.0,12.0,8.0
2015/10/28,148.0,48.0,32.0,21.0,7.0,6.0
2015/10/29,109.0,40.0,38.0,13.0,7.0,5.0
2015/10/30,92.0,31.0,37.0,11.0,7.0,5.0
2015/10/31,73.0,35.0,24.0,15.0,7.0,7.0
2015/11/1,101.0,88.0,49.0,19.0,20.0,12.0
2015/11/2,180.0,76.0,45.0,27.0,12.0,12.0
2015/11/3,164.0,46.0,20.0,19.0,7.0,7.0
2015/11/4,102.0,47.0,25.0,14.0,9.0,7.0
2015/11/5,106.0,37.0,30.0,11.0,7.0,5.0
2015/11/6,73.0,46.0,16.0,10.0,8.0,9.0
2015/11/7,106.0,71.0,4.0,15.0,12.0,17.0
2015/11/8,163.0,68.0,13.0,17.0,8.0,11.0
2015/11/9,164.0,54.0,34.0,18.0,7.0,7.0
2015/11/10,133.0,49.0,36.0,19.0,4.0,5.0
2015/11/11,103.0,57.0,18.0,40.0,5.0,8.0
2015/11/12,145.0,52.0,14.0,30.0,4.0,8.0
2015/11/13,143.0,95.0,50.0,30.0,10.0,11.0
2015/11/14,186.0,91.0,44.0,41.0,10.0,13.0
2015/11/15,178.0,71.0,28.0,32.0,6.0,11.0
2015/11/16,151.0,39.0,30.0,23.0,4.0,8.0
2015/11/17,93.0,39.0,32.0,18.0,4.0,9.0
2015/11/18,84.0,41.0,27.0,27.0,6.0,5.0
2015/11/19,97.0,49.0,22.0,32.0,7.0,6.0
2015/11/20,118.0,33.0,26.0,29.0,4.0,8.0
2015/11/21,86.0,41.0,33.0,22.0,5.0,11.0
2015/11/22,90.0,37.0,26.0,24.0,5.0,9.0
2015/11/23,98.0,29.0,28.0,13.0,4.0,6.0
2015/11/24,78.0,33.0,25.0,15.0,5.0,5.0
2015/11/25,96.0,54.0,23.0,14.0,11.0,7.0
2015/11/26,146.0,44.0,21.0,28.0,10.0,8.0
2015/11/27,120.0,69.0,20.0,50.0,11.0,9.0
2015/11/28,151.0,71.0,4.0,45.0,6.0,12.0
2015/11/29,158.0,97.0,28.0,54.0,14.0,16.0
2015/11/30,183.0,63.0,32.0,36.0,7.0,8.0
2015/12/1,135.0,70.0,15.0,22.0,10.0,9.0
2015/12/2,154.0,88.0,23.0,18.0,14.0,7.0
2015/12/3,138.0,61.0,18.0,20.0,16.0,8.0
2015/12/4,127.0,76.0,6.0,36.0,15.0,11.0
2015/12/5,152.0,73.0,7.0,30.0,14.0,13.0
2015/12/6,173.0,64.0,28.0,27.0,11.0,11.0
2015/12/7,146.0,37.0,29.0,22.0,7.0,6.0
2015/12/8,95.0,47.0,12.0,34.0,6.0,7.0
2015/12/9,109.0,40.0,15.0,23.0,5.0,11.0
2015/12/10,112.0,63.0,23.0,12.0,7.0,8.0
2015/12/11,142.0,53.0,22.0,26.0,9.0,7.0
2015/12/12,132.0,65.0,14.0,25.0,8.0,8.0
2015/12/13,146.0,107.0,22.0,32.0,18.0,12.0
2015/12/14,205.0,136.0,16.0,37.0,33.0,19.0
2015/12/15,272.0,63.0,20.0,23.0,18.0,8.0
2015/12/16,148.0,45.0,19.0,16.0,13.0,7.0
2015/12/17,125.0,50.0,15.0,36.0,10.0,8.0
2015/12/18,137.0,37.0,26.0,35.0,8.0,7.0
2015/12/19,108.0,41.0,11.0,33.0,6.0,8.0
2015/12/20,118.0,95.0,15.0,36.0,11.0,14.0
2015/12/21,197.0,73.0,6.0,38.0,9.0,11.0
2015/12/22,167.0,124.0,8.0,37.0,13.0,18.0
2015/12/23,244.0,51.0,23.0,27.0,7.0,8.0
2015/12/24,138.0,112.0,29.0,33.0,15.0,14.0
2015/12/25,223.0,87.0,19.0,42.0,14.0,13.0
2015/12/26,176.0,64.0,29.0,28.0,10.0,9.0
2015/12/27,146.0,38.0,27.0,8.0,6.0,5.0
2015/12/28,110.0,60.0,27.0,24.0,9.0,7.0
2015/12/29,145.0,73.0,22.0,42.0,12.0,11.0
2015/12/30,155.0,100.0,33.0,28.0,14.0,11.0
2015/12/31,205.0,,,,,
2016/1/3,195.0,,,,,
2016/3/13,,61.0,51.0,13.0,8.0,7.0
2016/3/14,146.0,47.0,43.0,15.0,7.0,4.0
2016/3/15,112.0,52.0,37.0,24.0,7.0,4.0
2016/3/16,117.0,47.0,29.0,23.0,5.0,4.0
2016/3/17,111.0,78.0,20.0,41.0,10.0,9.0
2016/3/18,164.0,38.0,25.0,25.0,6.0,5.0
2016/3/19,114.0,59.0,46.0,25.0,8.0,5.0
2016/3/20,139.0,58.0,46.0,17.0,7.0,5.0
2016/3/21,141.0,46.0,38.0,21.0,6.0,4.0
2016/3/22,115.0,46.0,49.0,11.0,6.0,4.0
2016/3/23,106.0,40.0,42.0,6.0,6.0,2.0
2016/3/24,79.0,49.0,52.0,13.0,9.0,3.0
2016/3/25,104.0,58.0,54.0,26.0,9.0,4.0
2016/3/26,134.0,95.0,47.0,24.0,12.0,7.0
2016/3/27,173.0,90.0,75.0,38.0,13.0,6.0
2016/3/28,166.0,75.0,57.0,35.0,10.0,5.0
2016/3/29,152.0,93.0,44.0,46.0,12.0,7.0
2016/3/30,157.0,54.0,38.0,31.0,5.0,5.0
2016/3/31,133.0,74.0,70.0,29.0,6.0,6.0
2016/4/1,167.0,58.0,45.0,24.0,5.0,5.0
2016/4/2,145.0,54.0,41.0,22.0,5.0,6.0
2016/4/3,140.0,41.0,41.0,16.0,7.0,4.0
2016/4/4,88.0,43.0,32.0,20.0,7.0,3.0
2016/4/5,80.0,37.0,29.0,24.0,5.0,5.0
2016/4/6,98.0,59.0,17.0,31.0,6.0,9.0
2016/4/7,140.0,48.0,35.0,32.0,6.0,5.0
2016/4/8,121.0,52.0,48.0,30.0,6.0,5.0
2016/4/9,115.0,66.0,33.0,30.0,7.0,5.0
2016/4/10,154.0,49.0,41.0,23.0,6.0,4.0
2016/4/11,120.0,58.0,35.0,24.0,5.0,5.0
2016/4/12,128.0,80.0,61.0,35.0,7.0,8.0
2016/4/13,163.0,101.0,73.0,29.0,6.0,7.0
2016/4/14,181.0,80.0,53.0,30.0,7.0,4.0
2016/4/15,145.0,49.0,42.0,20.0,5.0,4.0
2016/4/16,92.0,60.0,51.0,17.0,8.0,6.0
2016/4/17,132.0,43.0,58.0,21.0,6.0,2.0
2016/4/18,83.0,50.0,57.0,20.0,5.0,2.0
2016/4/19,87.0,42.0,42.0,21.0,5.0,4.0
2016/4/20,77.0,57.0,80.0,28.0,6.0,7.0
2016/4/21,115.0,94.0,109.0,41.0,9.0,10.0
2016/4/22,166.0,40.0,68.0,16.0,4.0,5.0
2016/4/23,116.0,57.0,59.0,20.0,6.0,5.0
2016/4/24,126.0,72.0,39.0,28.0,5.0,5.0
2016/4/25,122.0,51.0,33.0,26.0,5.0,5.0
2016/4/26,117.0,49.0,44.0,20.0,6.0,6.0
2016/4/27,128.0,81.0,80.0,21.0,10.0,10.0
2016/4/28,170.0,102.0,101.0,40.0,14.0,11.0
2016/4/29,183.0,77.0,104.0,25.0,9.0,6.0
2016/4/30,146.0,65.0,82.0,16.0,6.0,6.0
2016/5/1,132.0,45.0,41.0,14.0,5.0,5.0
2016/5/2,105.0,55.0,64.0,14.0,6.0,4.0
2016/5/3,101.0,87.0,90.0,31.0,10.0,6.0
2016/5/4,125.0,61.0,33.0,20.0,5.0,5.0
2016/5/5,104.0,64.0,83.0,21.0,7.0,7.0
2016/5/6,141.0,164.0,49.0,15.0,5.0,4.0
2016/5/7,150.0,61.0,41.0,16.0,5.0,4.0
2016/5/8,90.0,48.0,29.0,22.0,4.0,5.0
2016/5/9,128.0,30.0,36.0,15.0,4.0,4.0
2016/5/10,83.0,79.0,112.0,28.0,9.0,9.0
2016/5/11,162.0,69.0,96.0,16.0,6.0,8.0
2016/5/12,135.0,72.0,66.0,16.0,5.0,7.0
2016/5/13,157.0,48.0,45.0,13.0,4.0,5.0
2016/5/14,103.0,37.0,26.0,16.0,5.0,7.0
2016/5/15,94.0,52.0,69.0,17.0,7.0,7.0
2016/5/16,116.0,45.0,66.0,24.0,6.0,3.0
2016/5/17,86.0,60.0,88.0,17.0,6.0,4.0
2016/5/18,99.0,66.0,68.0,13.0,7.0,4.0
2016/5/19,124.0,41.0,47.0,13.0,5.0,4.0
2016/5/20,86.0,20.0,41.0,14.0,3.0,5.0
2016/5/21,60.0,53.0,40.0,17.0,4.0,6.0
2016/5/22,124.0,69.0,68.0,21.0,6.0,7.0
2016/5/23,154.0,77.0,64.0,25.0,8.0,9.0
2016/5/24,167.0,70.0,85.0,18.0,5.0,7.0
2016/5/25,154.0,79.0,29.0,30.0,5.0,9.0
2016/5/26,159.0,38.0,34.0,24.0,4.0,6.0
2016/5/27,97.0,30.0,32.0,25.0,3.0,7.0
2016/5/28,87.0,46.0,16.0,31.0,4.0,10.0
2016/5/29,116.0,60.0,53.0,26.0,4.0,6.0
2016/5/30,139.0,66.0,66.0,24.0,5.0,6.0
2016/5/31,147.0,34.0,55.0,14.0,3.0,4.0
2016/6/1,73.0,48.0,51.0,16.0,4.0,4.0
2016/6/2,111.0,26.0,48.0,16.0,4.0,4.0
2016/6/3,65.0,41.0,47.0,16.0,5.0,6.0
2016/6/4,103.0,33.0,47.0,14.0,5.0,5.0
2016/6/5,88.0,45.0,47.0,14.0,4.0,4.0
2016/6/6,106.0,48.0,39.0,17.0,4.0,4.0
2016/6/7,110.0,41.0,27.0,18.0,4.0,4.0
2016/6/8,96.0,34.0,36.0,15.0,4.0,4.0
2016/6/9,88.0,41.0,41.0,11.0,3.0,3.0
2016/6/10,87.0,61.0,49.0,19.0,5.0,5.0
2016/6/11,113.0,30.0,38.0,18.0,3.0,3.0
2016/6/12,73.0,39.0,52.0,18.0,5.0,4.0
2016/6/13,86.0,49.0,95.0,17.0,5.0,4.0
2016/6/14,100.0,65.0,84.0,21.0,6.0,7.0
2016/6/15,134.0,83.0,44.0,27.0,6.0,9.0
2016/6/16,166.0,62.0,92.0,22.0,6.0,7.0
2016/6/17,141.0,36.0,69.0,16.0,5.0,5.0
2016/6/18,80.0,38.0,52.0,19.0,6.0,5.0
2016/6/19,71.0,26.0,18.0,16.0,3.0,4.0
2016/6/20,58.0,63.0,81.0,27.0,7.0,6.0
2016/6/21,110.0,49.0,22.0,23.0,5.0,6.0
2016/6/22,99.0,64.0,86.0,25.0,7.0,7.0
2016/6/23,123.0,53.0,43.0,16.0,7.0,6.0
2016/6/24,113.0,36.0,36.0,17.0,3.0,6.0
2016/6/25,103.0,39.0,63.0,12.0,4.0,5.0
2016/6/26,93.0,34.0,42.0,18.0,3.0,7.0
2016/6/27,81.0,60.0,25.0,28.0,4.0,10.0
2016/6/28,122.0,32.0,23.0,20.0,4.0,6.0
2016/6/29,75.0,39.0,78.0,16.0,4.0,6.0
2016/6/30,81.0,52.0,43.0,18.0,5.0,6.0
2016/7/1,81.0,34.0,27.0,17.0,4.0,7.0
2016/7/2,62.0,58.0,44.0,18.0,4.0,7.0
2016/7/3,103.0,54.0,71.0,16.0,4.0,6.0
2016/7/4,99.0,34.0,64.0,16.0,3.0,5.0
2016/7/5,70.0,50.0,35.0,19.0,4.0,4.0
2016/7/6,64.0,28.0,18.0,8.0,3.0,4.0
2016/7/7,46.0,25.0,18.0,8.0,3.0,4.0
2016/7/8,43.0,26.0,20.0,8.0,3.0,4.0
2016/7/9,40.0,29.0,21.0,9.0,3.0,4.0
2016/7/10,61.0,33.0,24.0,15.0,2.0,4.0
2016/7/11,66.0,58.0,92.0,16.0,3.0,6.0
2016/7/12,116.0,70.0,103.0,26.0,4.0,8.0
2016/7/13,129.0,61.0,18.0,39.0,4.0,10.0
2016/7/14,115.0,63.0,95.0,27.0,4.0,8.0
2016/7/15,124.0,58.0,67.0,18.0,3.0,9.0
2016/7/16,133.0,78.0,74.0,17.0,3.0,8.0
2016/7/17,147.0,42.0,59.0,12.0,3.0,5.0
2016/7/18,88.0,42.0,73.0,13.0,3.0,4.0
2016/7/19,89.0,62.0,98.0,14.0,4.0,5.0
2016/7/20,98.0,63.0,113.0,20.0,5.0,6.0
2016/7/21,112.0,58.0,115.0,18.0,5.0,6.0
2016/7/22,115.0,53.0,96.0,14.0,5.0,6.0
2016/7/23,105.0,52.0,85.0,11.0,3.0,5.0
2016/7/24,113.0,34.0,67.0,9.0,3.0,4.0
2016/7/25,71.0,48.0,116.0,13.0,4.0,6.0
2016/7/26,99.0,59.0,92.0,20.0,4.0,7.0
2016/7/27,120.0,67.0,94.0,31.0,4.0,8.0
2016/7/28,145.0,74.0,107.0,19.0,3.0,7.0
2016/7/29,153.0,43.0,51.0,9.0,2.0,3.0
2016/7/30,106.0,22.0,29.0,8.0,2.0,2.0
2016/7/31,52.0,22.0,25.0,7.0,3.0,4.0
2016/8/1,47.0,32.0,43.0,9.0,3.0,4.0
2016/8/2,62.0,24.0,22.0,16.0,3.0,5.0
2016/8/3,63.0,35.0,38.0,27.0,3.0,6.0
2016/8/4,84.0,26.0,31.0,12.0,3.0,4.0
2016/8/5,70.0,22.0,32.0,7.0,3.0,4.0
2016/8/6,59.0,16.0,32.0,6.0,2.0,4.0
2016/8/7,44.0,15.0,26.0,7.0,3.0,4.0
2016/8/8,43.0,20.0,20.0,7.0,3.0,3.0
2016/8/9,45.0,16.0,24.0,6.0,2.0,4.0
2016/8/10,44.0,21.0,23.0,6.0,4.0,5.0
2016/8/11,60.0,21.0,22.0,6.0,3.0,4.0
2016/8/12,50.0,21.0,27.0,6.0,3.0,5.0
2016/8/13,52.0,35.0,45.0,8.0,3.0,4.0
2016/8/14,70.0,26.0,43.0,7.0,3.0,5.0
2016/8/15,58.0,25.0,38.0,8.0,6.0,5.0
2016/8/16,64.0,27.0,35.0,10.0,3.0,5.0
2016/8/17,67.0,34.0,40.0,10.0,4.0,5.0
2016/8/18,60.0,33.0,58.0,11.0,4.0,5.0
2016/8/19,66.0,41.0,70.0,14.0,4.0,6.0
2016/8/20,81.0,33.0,34.0,9.0,5.0,5.0
2016/8/21,76.0,29.0,52.0,9.0,4.0,6.0
2016/8/22,68.0,31.0,59.0,11.0,5.0,6.0
2016/8/23,70.0,31.0,63.0,10.0,5.0,7.0
2016/8/24,67.0,31.0,50.0,10.0,5.0,6.0
2016/8/25,80.0,32.0,43.0,7.0,4.0,6.0
2016/8/26,65.0,35.0,45.0,9.0,5.0,5.0
2016/8/27,64.0,46.0,76.0,9.0,7.0,7.0
2016/8/28,83.0,41.0,65.0,14.0,6.0,7.0
2016/8/29,85.0,49.0,68.0,19.0,7.0,7.0
2016/8/30,98.0,57.0,96.0,24.0,7.0,7.0
2016/8/31,113.0,70.0,96.0,19.0,6.0,8.0
2016/9/1,149.0,71.0,112.0,20.0,7.0,9.0
2016/9/2,155.0,64.0,82.0,15.0,6.0,8.0
2016/9/3,139.0,40.0,51.0,9.0,4.0,6.0
2016/9/4,104.0,36.0,48.0,14.0,5.0,7.0
2016/9/5,87.0,47.0,44.0,22.0,7.0,7.0
2016/9/6,112.0,35.0,39.0,23.0,4.0,7.0
2016/9/7,109.0,62.0,84.0,33.0,5.0,9.0
2016/9/8,153.0,64.0,83.0,29.0,5.0,7.0
2016/9/9,140.0,54.0,57.0,18.0,5.0,7.0
2016/9/10,140.0,49.0,41.0,23.0,5.0,7.0
2016/9/11,132.0,42.0,52.0,15.0,4.0,5.0
2016/9/12,95.0,37.0,53.0,13.0,4.0,6.0
2016/9/13,81.0,25.0,31.0,17.0,4.0,5.0
2016/9/14,55.0,10.0,27.0,10.0,4.0,5.0
2016/9/15,34.0,13.0,16.0,8.0,3.0,4.0
2016/9/16,27.0,19.0,37.0,9.0,4.0,4.0
2016/9/17,36.0,48.0,41.0,8.0,4.0,6.0
2016/9/18,78.0,38.0,37.0,10.0,5.0,5.0
2016/9/19,45.0,40.0,38.0,15.0,5.0,4.0
2016/9/20,60.0,25.0,37.0,19.0,5.0,4.0
2016/9/21,37.0,26.0,40.0,20.0,5.0,4.0
2016/9/22,51.0,36.0,39.0,24.0,6.0,4.0
2016/9/23,71.0,43.0,63.0,18.0,5.0,4.0
2016/9/24,88.0,44.0,60.0,19.0,5.0,4.0
2016/9/25,85.0,37.0,34.0,17.0,5.0,4.0
2016/9/26,62.0,31.0,13.0,12.0,4.0,3.0
2016/9/27,44.0,19.0,31.0,9.0,4.0,3.0
2016/9/28,33.0,20.0,30.0,10.0,4.0,5.0
2016/9/29,30.0,40.0,24.0,27.0,4.0,7.0
2016/9/30,90.0,62.0,38.0,23.0,5.0,8.0
2016/10/1,118.0,23.0,35.0,10.0,5.0,4.0
2016/10/2,46.0,28.0,40.0,12.0,4.0,7.0
2016/10/3,60.0,26.0,32.0,10.0,4.0,4.0
2016/10/4,44.0,46.0,41.0,12.0,5.0,5.0
2016/10/5,84.0,41.0,51.0,9.0,4.0,4.0
2016/10/6,68.0,41.0,32.0,21.0,4.0,4.0
2016/10/7,63.0,26.0,42.0,10.0,4.0,4.0
2016/10/8,50.0,34.0,33.0,8.0,4.0,2.0
2016/10/9,57.0,30.0,39.0,11.0,6.0,3.0
2016/10/10,55.0,28.0,42.0,13.0,6.0,3.0
2016/10/11,49.0,41.0,50.0,12.0,7.0,4.0
2016/10/12,83.0,38.0,40.0,15.0,6.0,4.0
2016/10/13,68.0,42.0,37.0,19.0,6.0,4.0
2016/10/14,78.0,34.0,35.0,17.0,5.0,3.0
2016/10/15,55.0,56.0,50.0,25.0,7.0,6.0
2016/10/16,98.0,39.0,40.0,17.0,7.0,6.0
2016/10/17,85.0,26.0,42.0,15.0,5.0,4.0
2016/10/18,56.0,44.0,33.0,20.0,5.0,5.0
2016/10/19,81.0,28.0,29.0,21.0,5.0,5.0
2016/10/20,78.0,14.0,30.0,13.0,4.0,4.0
2016/10/21,36.0,8.0,29.0,11.0,4.0,4.0
2016/10/22,34.0,30.0,39.0,10.0,4.0,4.0
2016/10/23,58.0,38.0,35.0,20.0,5.0,5.0
2016/10/24,63.0,42.0,18.0,22.0,6.0,8.0
2016/10/25,97.0,32.0,33.0,28.0,5.0,7.0
2016/10/26,79.0,20.0,33.0,21.0,5.0,4.0
2016/10/27,56.0,33.0,26.0,17.0,5.0,6.0
2016/10/28,82.0,31.0,26.0,12.0,5.0,3.0
2016/10/29,71.0,29.0,31.0,13.0,5.0,3.0
2016/10/30,57.0,29.0,25.0,21.0,5.0,3.0
2016/10/31,70.0,25.0,33.0,8.0,4.0,2.0
2016/11/1,67.0,37.0,34.0,24.0,6.0,4.0
2016/11/2,92.0,66.0,38.0,41.0,8.0,8.0
2016/11/3,154.0,70.0,56.0,46.0,8.0,6.0
2016/11/4,157.0,72.0,52.0,46.0,8.0,7.0
2016/11/5,158.0,57.0,37.0,35.0,8.0,7.0
2016/11/6,144.0,36.0,28.0,25.0,7.0,4.0
2016/11/7,99.0,22.0,34.0,10.0,5.0,4.0
2016/11/8,68.0,21.0,30.0,12.0,5.0,2.0
2016/11/9,64.0,35.0,21.0,25.0,7.0,6.0
2016/11/10,109.0,59.0,27.0,34.0,10.0,7.0
2016/11/11,137.0,52.0,40.0,32.0,7.0,5.0
2016/11/12,113.0,51.0,12.0,37.0,6.0,7.0
2016/11/13,144.0,72.0,39.0,33.0,8.0,9.0
2016/11/14,169.0,55.0,35.0,15.0,7.0,6.0
2016/11/15,115.0,21.0,26.0,25.0,7.0,4.0
2016/11/16,64.0,19.0,18.0,31.0,6.0,5.0
2016/11/17,75.0,55.0,35.0,33.0,6.0,8.0
2016/11/18,141.0,81.0,7.0,49.0,9.0,15.0
2016/11/19,180.0,43.0,32.0,17.0,6.0,8.0
2016/11/20,122.0,34.0,27.0,25.0,6.0,7.0
2016/11/21,94.0,14.0,29.0,10.0,5.0,4.0
2016/11/22,57.0,18.0,22.0,18.0,6.0,4.0
2016/11/23,85.0,42.0,23.0,24.0,10.0,8.0
2016/11/24,146.0,42.0,14.0,33.0,8.0,7.0
2016/11/25,139.0,30.0,18.0,28.0,6.0,7.0
2016/11/26,106.0,85.0,22.0,42.0,21.0,13.0
2016/11/27,178.0,72.0,31.0,28.0,12.0,8.0
2016/11/28,139.0,30.0,20.0,30.0,7.0,6.0
2016/11/29,80.0,56.0,9.0,40.0,9.0,8.0
2016/11/30,127.0,89.0,37.0,32.0,14.0,11.0
2016/12/1,178.0,43.0,31.0,27.0,8.0,6.0
2016/12/2,98.0,40.0,33.0,33.0,7.0,6.0
2016/12/3,87.0,72.0,24.0,46.0,11.0,10.0
2016/12/4,153.0,103.0,30.0,49.0,12.0,12.0
2016/12/5,185.0,51.0,26.0,24.0,8.0,7.0
2016/12/6,120.0,88.0,22.0,48.0,15.0,10.0
2016/12/7,176.0,101.0,47.0,62.0,12.0,12.0
2016/12/8,187.0,76.0,37.0,35.0,11.0,10.0
2016/12/9,161.0,29.0,27.0,18.0,7.0,5.0
2016/12/10,72.0,25.0,28.0,19.0,7.0,5.0
2016/12/11,67.0,47.0,16.0,35.0,6.0,8.0
2016/12/12,100.0,39.0,22.0,26.0,5.0,7.0
2016/12/13,110.0,32.0,26.0,12.0,4.0,3.0
2016/12/14,78.0,56.0,24.0,24.0,12.0,8.0
2016/12/15,152.0,97.0,30.0,35.0,17.0,13.0
2016/12/16,206.0,88.0,32.0,43.0,11.0,12.0
2016/12/17,186.0,54.0,21.0,39.0,7.0,9.0
2016/12/18,109.0,72.0,10.0,46.0,7.0,13.0
2016/12/19,155.0,47.0,28.0,26.0,5.0,7.0
2016/12/20,127.0,34.0,21.0,28.0,4.0,8.0
2016/12/21,102.0,66.0,23.0,24.0,6.0,11.0
2016/12/22,167.0,98.0,24.0,30.0,11.0,15.0
2016/12/23,209.0,33.0,24.0,21.0,5.0,6.0
2016/12/24,89.0,23.0,20.0,28.0,5.0,6.0
2016/12/25,73.0,19.0,26.0,25.0,4.0,8.0
2016/12/26,71.0,36.0,26.0,15.0,5.0,7.0
2016/12/27,105.0,38.0,17.0,25.0,8.0,7.0
2016/12/28,122.0,54.0,30.0,23.0,8.0,8.0
2016/12/29,151.0,51.0,17.0,35.0,7.0,9.0
2016/12/30,133.0,53.0,12.0,43.0,8.0,10.0
2016/12/31,126.0,46.0,24.0,36.0,8.0,7.0
2017/1/1,114.0,63.0,27.0,33.0,8.0,10.0
2017/1/2,150.0,79.0,29.0,35.0,6.0,10.0
2017/1/3,178.0,55.0,28.0,37.0,8.0,8.0
2017/1/4,147.0,32.0,33.0,22.0,5.0,7.0
2017/1/5,96.0,28.0,22.0,26.0,5.0,7.0
2017/1/6,81.0,16.0,26.0,21.0,5.0,6.0
2017/1/7,67.0,66.0,4.0,24.0,6.0,15.0
2017/1/8,162.0,58.0,28.0,21.0,10.0,11.0
2017/1/9,159.0,67.0,33.0,24.0,8.0,10.0
2017/1/10,168.0,38.0,31.0,19.0,7.0,6.0
2017/1/11,104.0,51.0,15.0,35.0,7.0,8.0
2017/1/12,144.0,79.0,25.0,31.0,13.0,11.0
2017/1/13,177.0,31.0,30.0,14.0,6.0,5.0
2017/1/14,88.0,20.0,27.0,12.0,5.0,4.0
2017/1/15,63.0,24.0,27.0,20.0,6.0,4.0
2017/1/16,77.0,46.0,18.0,31.0,7.0,7.0
2017/1/17,127.0,38.0,32.0,24.0,6.0,5.0
2017/1/18,116.0,67.0,28.0,28.0,9.0,9.0
2017/1/19,168.0,75.0,31.0,14.0,8.0,7.0
2017/1/20,138.0,35.0,29.0,22.0,6.0,6.0
2017/1/21,115.0,59.0,29.0,25.0,9.0,7.0
2017/1/22,131.0,33.0,33.0,15.0,7.0,6.0
2017/1/23,88.0,31.0,37.0,18.0,8.0,5.0
2017/1/24,97.0,53.0,40.0,20.0,8.0,7.0
2017/1/25,153.0,51.0,45.0,23.0,8.0,6.0
2017/1/26,147.0,59.0,32.0,14.0,6.0,6.0
2017/1/27,117.0,60.0,42.0,13.0,6.0,5.0
2017/1/28,97.0,52.0,35.0,15.0,6.0,8.0
2017/1/29,133.0,33.0,33.0,6.0,5.0,4.0
2017/1/30,92.0,14.0,33.0,7.0,4.0,4.0
2017/1/31,63.0,29.0,36.0,9.0,5.0,6.0
2017/2/1,96.0,27.0,34.0,10.0,5.0,4.0
2017/2/2,81.0,20.0,20.0,22.0,5.0,4.0
2017/2/3,67.0,45.0,7.0,29.0,4.0,10.0
2017/2/4,134.0,82.0,22.0,23.0,5.0,12.0
2017/2/5,186.0,59.0,38.0,14.0,5.0,7.0
2017/2/6,132.0,24.0,36.0,11.0,4.0,3.0
2017/2/7,63.0,16.0,30.0,13.0,3.0,4.0
2017/2/8,70.0,60.0,35.0,14.0,8.0,8.0
2017/2/9,160.0,51.0,34.0,17.0,9.0,7.0
2017/2/10,125.0,48.0,34.0,24.0,10.0,8.0
2017/2/11,127.0,58.0,39.0,40.0,9.0,9.0
2017/2/12,156.0,55.0,43.0,35.0,8.0,7.0
2017/2/13,152.0,62.0,53.0,40.0,9.0,8.0
2017/2/14,157.0,62.0,63.0,30.0,8.0,6.0
2017/2/15,157.0,49.0,38.0,31.0,6.0,6.0
2017/2/16,122.0,61.0,30.0,17.0,10.0,5.0
2017/2/17,125.0,32.0,29.0,20.0,7.0,3.0
2017/2/18,71.0,47.0,47.0,21.0,5.0,5.0
2017/2/19,114.0,66.0,37.0,18.0,5.0,5.0
2017/2/20,117.0,38.0,36.0,13.0,4.0,4.0
2017/2/21,84.0,49.0,28.0,20.0,4.0,8.0
2017/2/22,134.0,66.0,37.0,17.0,6.0,8.0
2017/2/23,158.0,43.0,42.0,20.0,6.0,6.0
2017/2/24,132.0,63.0,48.0,39.0,8.0,8.0
2017/2/25,164.0,89.0,59.0,45.0,9.0,9.0
2017/2/26,186.0,49.0,42.0,30.0,7.0,5.0
2017/2/27,127.0,46.0,45.0,26.0,6.0,5.0
2017/2/28,122.0,62.0,38.0,28.0,7.0,6.0
2017/3/1,137.0,52.0,36.0,19.0,6.0,6.0
2017/3/2,132.0,56.0,47.0,29.0,6.0,6.0
2017/3/3,142.0,61.0,49.0,37.0,9.0,7.0
2017/3/4,151.0,64.0,25.0,42.0,6.0,7.0
2017/3/5,159.0,39.0,40.0,14.0,5.0,5.0
2017/3/6,95.0,52.0,43.0,27.0,7.0,5.0
2017/3/7,110.0,45.0,40.0,23.0,7.0,6.0
2017/3/8,128.0,68.0,49.0,40.0,10.0,7.0
2017/3/9,164.0,64.0,39.0,35.0,8.0,6.0
2017/3/10,154.0,56.0,64.0,22.0,7.0,5.0
2017/3/11,150.0,31.0,43.0,19.0,5.0,4.0
2017/3/12,101.0,32.0,42.0,12.0,4.0,5.0
2017/3/13,105.0,41.0,43.0,14.0,5.0,5.0
2017/3/14,97.0,38.0,47.0,24.0,7.0,5.0
2017/3/15,103.0,31.0,39.0,19.0,5.0,4.0
2017/3/16,86.0,38.0,42.0,25.0,6.0,4.0
2017/3/17,112.0,37.0,40.0,20.0,5.0,4.0
2017/3/18,103.0,40.0,41.0,23.0,5.0,5.0
2017/3/19,119.0,42.0,45.0,27.0,4.0,7.0
2017/3/20,128.0,57.0,59.0,18.0,6.0,6.0
2017/3/21,149.0,23.0,33.0,21.0,4.0,4.0
2017/3/22,75.0,27.0,35.0,19.0,4.0,4.0
2017/3/23,84.0,46.0,41.0,24.0,5.0,5.0
2017/3/24,128.0,67.0,37.0,26.0,8.0,8.0
2017/3/25,159.0,76.0,46.0,28.0,10.0,8.0
2017/3/26,158.0,64.0,50.0,28.0,10.0,7.0
2017/3/27,148.0,64.0,54.0,24.0,7.0,5.0
2017/3/28,119.0,67.0,44.0,25.0,7.0,7.0
2017/3/29,154.0,46.0,42.0,20.0,4.0,5.0
2017/3/30,136.0,35.0,47.0,14.0,4.0,5.0
2017/3/31,108.0,62.0,56.0,34.0,9.0,7.0
2017/4/1,156.0,71.0,59.0,31.0,9.0,8.0
2017/4/2,166.0,66.0,75.0,26.0,7.0,6.0
2017/4/3,147.0,58.0,67.0,16.0,6.0,5.0
2017/4/4,137.0,52.0,41.0,30.0,5.0,6.0
2017/4/5,115.0,67.0,21.0,41.0,6.0,8.0
2017/4/6,160.0,44.0,19.0,33.0,4.0,6.0
2017/4/7,129.0,61.0,37.0,31.0,5.0,7.0
2017/4/8,156.0,39.0,46.0,17.0,4.0,5.0
2017/4/9,110.0,30.0,33.0,23.0,3.0,5.0
2017/4/10,94.0,48.0,40.0,27.0,4.0,8.0
2017/4/11,139.0,71.0,42.0,32.0,6.0,6.0
2017/4/12,114.0,64.0,53.0,30.0,5.0,4.0
2017/4/13,72.0,57.0,79.0,27.0,7.0,5.0
2017/4/14,91.0,59.0,87.0,30.0,7.0,7.0
2017/4/15,120.0,58.0,29.0,34.0,6.0,7.0
2017/4/16,132.0,57.0,62.0,28.0,6.0,9.0
2017/4/17,145.0,82.0,61.0,29.0,8.0,7.0
2017/4/18,130.0,81.0,59.0,25.0,5.0,5.0
2017/4/19,106.0,59.0,58.0,18.0,3.0,7.0
2017/4/20,127.0,64.0,42.0,24.0,7.0,8.0
2017/4/21,145.0,50.0,61.0,13.0,3.0,6.0
2017/4/22,109.0,60.0,79.0,17.0,4.0,5.0
2017/4/23,112.0,66.0,86.0,17.0,4.0,5.0
2017/4/24,119.0,59.0,52.0,25.0,4.0,6.0
2017/4/25,125.0,33.0,50.0,12.0,2.0,4.0
2017/4/26,85.0,40.0,52.0,21.0,5.0,5.0
2017/4/27,90.0,57.0,84.0,31.0,6.0,6.0
2017/4/28,125.0,69.0,87.0,38.0,8.0,7.0
2017/4/29,140.0,61.0,97.0,25.0,7.0,6.0
2017/4/30,121.0,45.0,53.0,19.0,4.0,4.0
2017/5/1,96.0,26.0,42.0,14.0,2.0,4.0
2017/5/2,70.0,27.0,41.0,12.0,2.0,4.0
2017/5/3,65.0,28.0,34.0,17.0,2.0,5.0
2017/5/4,76.0,48.0,23.0,20.0,3.0,7.0
2017/5/5,124.0,106.0,44.0,20.0,4.0,6.0
2017/5/6,143.0,151.0,67.0,21.0,4.0,4.0
2017/5/7,147.0,75.0,38.0,17.0,3.0,3.0
2017/5/8,92.0,50.0,49.0,20.0,3.0,6.0
2017/5/9,120.0,72.0,101.0,35.0,6.0,8.0
2017/5/10,139.0,68.0,108.0,31.0,6.0,8.0
2017/5/11,131.0,35.0,50.0,21.0,3.0,6.0
2017/5/12,93.0,53.0,88.0,31.0,4.0,7.0
2017/5/13,122.0,62.0,76.0,25.0,5.0,6.0
2017/5/14,140.0,52.0,47.0,15.0,4.0,5.0
2017/5/15,80.0,35.0,45.0,19.0,5.0,3.0
2017/5/16,57.0,46.0,56.0,21.0,4.0,4.0
2017/5/17,71.0,47.0,72.0,16.0,4.0,4.0
2017/5/18,76.0,50.0,71.0,14.0,4.0,5.0
2017/5/19,85.0,43.0,51.0,11.0,3.0,5.0
2017/5/20,72.0,36.0,49.0,10.0,3.0,4.0
2017/5/21,64.0,35.0,42.0,9.0,3.0,5.0
2017/5/22,54.0,35.0,32.0,17.0,3.0,5.0
2017/5/23,70.0,21.0,41.0,8.0,2.0,5.0
2017/5/24,64.0,39.0,69.0,19.0,6.0,6.0
2017/5/25,96.0,58.0,58.0,22.0,6.0,6.0
2017/5/26,110.0,45.0,82.0,18.0,6.0,4.0
2017/5/27,80.0,54.0,95.0,17.0,5.0,4.0
2017/5/28,87.0,35.0,65.0,10.0,4.0,3.0
2017/5/29,65.0,37.0,69.0,8.0,4.0,4.0
2017/5/30,69.0,58.0,84.0,22.0,7.0,5.0
2017/5/31,118.0,76.0,95.0,26.0,11.0,8.0
2017/6/1,157.0,56.0,64.0,15.0,4.0,4.0
2017/6/2,105.0,35.0,61.0,12.0,4.0,3.0
2017/6/3,62.0,29.0,55.0,8.0,4.0,3.0
2017/6/4,56.0,24.0,52.0,11.0,3.0,3.0
2017/6/5,58.0,39.0,44.0,12.0,2.0,4.0
2017/6/6,82.0,55.0,105.0,17.0,5.0,8.0
2017/6/7,128.0,72.0,108.0,19.0,5.0,8.0
2017/6/8,155.0,63.0,99.0,21.0,4.0,8.0
2017/6/9,142.0,35.0,30.0,20.0,3.0,6.0
2017/6/10,78.0,16.0,54.0,8.0,2.0,4.0
2017/6/11,40.0,16.0,46.0,12.0,2.0,3.0
2017/6/12,36.0,19.0,40.0,18.0,2.0,5.0
2017/6/13,59.0,30.0,45.0,15.0,2.0,4.0
2017/6/14,61.0,39.0,64.0,22.0,3.0,3.0
2017/6/15,95.0,42.0,62.0,15.0,3.0,3.0
2017/6/16,93.0,41.0,77.0,14.0,4.0,3.0
2017/6/17,91.0,44.0,51.0,11.0,3.0,3.0
2017/6/18,77.0,26.0,37.0,13.0,2.0,4.0
2017/6/19,35.0,30.0,36.0,16.0,2.0,5.0
2017/6/20,57.0,42.0,36.0,17.0,2.0,5.0
2017/6/21,77.0,13.0,42.0,13.0,2.0,4.0
2017/6/22,30.0,52.0,25.0,24.0,2.0,6.0
2017/6/23,103.0,36.0,31.0,22.0,2.0,6.0
2017/6/24,70.0,47.0,20.0,27.0,3.0,8.0
2017/6/25,97.0,70.0,54.0,23.0,3.0,9.0
2017/6/26,135.0,80.0,76.0,28.0,3.0,9.0
2017/6/27,150.0,53.0,61.0,19.0,3.0,7.0
2017/6/28,105.0,32.0,41.0,15.0,2.0,6.0
2017/6/29,72.0,42.0,69.0,19.0,2.0,6.0
2017/6/30,70.0,48.0,73.0,17.0,2.0,5.0
2017/7/1,90.0,34.0,45.0,9.0,2.0,4.0
2017/7/2,58.0,39.0,71.0,13.0,3.0,5.0
2017/7/3,66.0,32.0,51.0,12.0,3.0,5.0
2017/7/4,53.0,44.0,74.0,20.0,3.0,6.0
2017/7/5,72.0,42.0,87.0,16.0,5.0,5.0
2017/7/6,70.0,46.0,77.0,14.0,3.0,5.0
2017/7/7,78.0,42.0,70.0,16.0,4.0,5.0
2017/7/8,89.0,36.0,48.0,14.0,5.0,5.0
2017/7/9,68.0,34.0,39.0,16.0,5.0,4.0
2017/7/10,61.0,33.0,83.0,15.0,3.0,4.0
2017/7/11,76.0,48.0,104.0,19.0,3.0,5.0
2017/7/12,101.0,55.0,118.0,21.0,4.0,6.0
2017/7/13,107.0,59.0,104.0,23.0,4.0,6.0
2017/7/14,113.0,52.0,97.0,13.0,4.0,5.0
2017/7/15,93.0,40.0,97.0,10.0,3.0,3.0
2017/7/16,69.0,36.0,54.0,10.0,3.0,3.0
2017/7/17,54.0,58.0,107.0,26.0,3.0,6.0
2017/7/18,108.0,57.0,103.0,22.0,5.0,6.0
2017/7/19,96.0,51.0,110.0,16.0,5.0,5.0
2017/7/20,90.0,57.0,128.0,20.0,6.0,6.0
2017/7/21,105.0,61.0,112.0,21.0,4.0,6.0
2017/7/22,123.0,55.0,136.0,22.0,3.0,7.0
2017/7/23,103.0,60.0,142.0,26.0,3.0,6.0
2017/7/24,112.0,65.0,113.0,19.0,7.0,7.0
2017/7/25,122.0,60.0,85.0,13.0,3.0,6.0
2017/7/26,120.0,54.0,71.0,12.0,2.0,6.0
2017/7/27,113.0,31.0,36.0,7.0,1.0,6.0
2017/7/28,63.0,26.0,28.0,6.0,2.0,5.0
2017/7/29,63.0,29.0,24.0,5.0,,4.0
2017/7/30,53.0,42.0,31.0,5.0,1.0,5.0
2017/7/31,52.0,46.0,36.0,6.0,2.0,4.0
2017/8/1,64.0,42.0,40.0,5.0,2.0,3.0
2017/8/2,65.0,44.0,98.0,7.0,3.0,4.0
2017/8/3,77.0,52.0,98.0,14.0,3.0,6.0
2017/8/4,100.0,61.0,42.0,22.0,3.0,9.0
2017/8/5,125.0,71.0,112.0,17.0,4.0,11.0
2017/8/6,150.0,71.0,127.0,17.0,4.0,9.0
2017/8/7,150.0,44.0,40.0,15.0,3.0,7.0
2017/8/8,87.0,20.0,33.0,11.0,2.0,6.0
2017/8/9,50.0,44.0,114.0,12.0,4.0,8.0
2017/8/10,96.0,66.0,123.0,22.0,4.0,8.0
2017/8/11,139.0,49.0,67.0,13.0,3.0,7.0
2017/8/12,108.0,41.0,54.0,12.0,3.0,6.0
2017/8/13,90.0,20.0,48.0,13.0,3.0,6.0
2017/8/14,57.0,54.0,95.0,15.0,3.0,8.0
2017/8/15,127.0,38.0,68.0,18.0,3.0,6.0
2017/8/16,79.0,40.0,97.0,22.0,4.0,6.0
2017/8/17,73.0,38.0,96.0,17.0,4.0,6.0
2017/8/18,57.0,50.0,100.0,15.0,4.0,6.0
2017/8/19,96.0,24.0,30.0,16.0,3.0,5.0
2017/8/20,50.0,37.0,51.0,20.0,4.0,6.0
2017/8/21,84.0,22.0,19.0,8.0,3.0,4.0
2017/8/22,36.0,28.0,27.0,7.0,2.0,4.0
2017/8/23,34.0,36.0,84.0,11.0,3.0,5.0
2017/8/24,58.0,42.0,66.0,19.0,3.0,6.0
2017/8/25,79.0,31.0,50.0,10.0,3.0,6.0
2017/8/26,51.0,27.0,44.0,9.0,4.0,5.0
2017/8/27,38.0,35.0,91.0,12.0,3.0,4.0
2017/8/28,57.0,34.0,40.0,10.0,3.0,4.0
2017/8/29,64.0,30.0,38.0,9.0,3.0,4.0
2017/8/30,45.0,32.0,55.0,11.0,3.0,5.0
2017/8/31,63.0,35.0,76.0,10.0,3.0,5.0
2017/9/1,69.0,37.0,61.0,11.0,3.0,6.0
2017/9/2,75.0,26.0,44.0,11.0,4.0,5.0
2017/9/3,46.0,26.0,41.0,9.0,3.0,5.0
2017/9/4,42.0,43.0,72.0,17.0,5.0,5.0
2017/9/5,67.0,55.0,21.0,30.0,5.0,7.0
2017/9/6,119.0,,,,,
2017/9/10,,26.0,33.0,16.0,3.0,9.0
2017/9/11,80.0,29.0,59.0,11.0,4.0,6.0
2017/9/12,84.0,43.0,64.0,8.0,4.0,6.0
2017/9/13,86.0,37.0,62.0,6.0,3.0,5.0
2017/9/14,65.0,32.0,36.0,7.0,3.0,5.0
2017/9/15,55.0,32.0,50.0,5.0,3.0,5.0
2017/9/16,51.0,38.0,54.0,11.0,4.0,5.0
2017/9/17,65.0,66.0,111.0,24.0,6.0,8.0
2017/9/18,128.0,69.0,96.0,19.0,4.0,8.0
2017/9/19,151.0,30.0,41.0,14.0,3.0,6.0
2017/9/20,77.0,23.0,39.0,20.0,3.0,5.0
2017/9/21,59.0,39.0,24.0,33.0,4.0,6.0
2017/9/22,77.0,33.0,38.0,25.0,4.0,6.0
2017/9/23,85.0,13.0,30.0,18.0,3.0,6.0
2017/9/24,48.0,14.0,19.0,18.0,3.0,7.0
2017/9/25,30.0,47.0,67.0,19.0,4.0,9.0
2017/9/26,102.0,46.0,43.0,14.0,4.0,8.0
2017/9/27,95.0,36.0,33.0,19.0,5.0,5.0
2017/9/28,45.0,39.0,48.0,27.0,5.0,5.0
2017/9/29,58.0,23.0,39.0,18.0,3.0,4.0
2017/9/30,54.0,38.0,49.0,13.0,4.0,6.0
2017/10/1,63.0,37.0,40.0,17.0,4.0,7.0
2017/10/2,70.0,47.0,36.0,6.0,3.0,4.0
2017/10/3,41.0,33.0,38.0,7.0,3.0,4.0
2017/10/4,40.0,27.0,32.0,15.0,4.0,5.0
2017/10/5,68.0,49.0,40.0,17.0,6.0,10.0
2017/10/6,135.0,46.0,62.0,20.0,5.0,7.0
2017/10/7,121.0,29.0,43.0,14.0,5.0,5.0
2017/10/8,68.0,34.0,28.0,14.0,4.0,5.0
2017/10/9,62.0,37.0,32.0,12.0,4.0,5.0
2017/10/10,52.0,18.0,33.0,10.0,3.0,6.0
2017/10/11,44.0,25.0,36.0,12.0,2.0,4.0
2017/10/12,53.0,25.0,36.0,10.0,3.0,3.0
2017/10/13,47.0,34.0,43.0,11.0,4.0,4.0
2017/10/14,59.0,12.0,41.0,8.0,3.0,4.0
2017/10/15,42.0,11.0,37.0,7.0,3.0,5.0
2017/10/16,42.0,33.0,37.0,11.0,3.0,5.0
2017/10/17,66.0,38.0,36.0,15.0,4.0,6.0
2017/10/18,85.0,37.0,32.0,17.0,4.0,6.0
2017/10/19,88.0,28.0,43.0,12.0,2.0,5.0
2017/10/20,67.0,38.0,63.0,9.0,4.0,8.0
2017/10/21,96.0,61.0,62.0,12.0,4.0,9.0
2017/10/22,155.0,54.0,37.0,15.0,4.0,6.0
2017/10/23,107.0,42.0,42.0,17.0,5.0,6.0
2017/10/24,85.0,36.0,49.0,21.0,4.0,5.0
2017/10/25,83.0,36.0,41.0,27.0,4.0,5.0
2017/10/26,89.0,33.0,50.0,25.0,4.0,5.0
2017/10/27,100.0,42.0,60.0,13.0,4.0,6.0
2017/10/28,104.0,59.0,38.0,13.0,4.0,7.0
2017/10/29,120.0,38.0,32.0,13.0,4.0,4.0
2017/10/30,70.0,38.0,33.0,26.0,5.0,5.0
2017/10/31,74.0,46.0,42.0,29.0,4.0,5.0
2017/11/1,91.0,60.0,44.0,39.0,5.0,7.0
2017/11/2,132.0,79.0,59.0,37.0,9.0,10.0
2017/11/3,155.0,24.0,32.0,9.0,3.0,3.0
2017/11/4,58.0,29.0,30.0,21.0,3.0,5.0
2017/11/5,67.0,48.0,32.0,34.0,4.0,6.0
2017/11/6,93.0,81.0,14.0,54.0,7.0,11.0
2017/11/7,157.0,93.0,55.0,35.0,11.0,12.0
2017/11/8,153.0,39.0,31.0,24.0,5.0,4.0
2017/11/9,61.0,58.0,26.0,27.0,5.0,7.0
2017/11/10,105.0,42.0,32.0,14.0,4.0,3.0
2017/11/11,67.0,44.0,30.0,21.0,4.0,4.0
2017/11/12,67.0,46.0,26.0,27.0,4.0,4.0
2017/11/13,83.0,48.0,25.0,27.0,4.0,6.0
2017/11/14,116.0,56.0,36.0,26.0,5.0,6.0
2017/11/15,93.0,27.0,28.0,24.0,4.0,5.0
2017/11/16,82.0,14.0,35.0,17.0,3.0,5.0
2017/11/17,51.0,31.0,32.0,7.0,3.0,4.0
2017/11/18,67.0,37.0,28.0,15.0,5.0,5.0
2017/11/19,90.0,20.0,30.0,16.0,4.0,5.0
2017/11/20,72.0,48.0,12.0,34.0,5.0,7.0
2017/11/21,133.0,58.0,33.0,23.0,6.0,8.0
2017/11/22,140.0,67.0,25.0,32.0,8.0,6.0
2017/11/23,111.0,76.0,18.0,48.0,11.0,10.0
2017/11/24,155.0,68.0,31.0,44.0,10.0,7.0
2017/11/25,134.0,69.0,29.0,32.0,9.0,8.0
2017/11/26,149.0,56.0,40.0,21.0,7.0,5.0
2017/11/27,102.0,61.0,28.0,39.0,5.0,8.0
2017/11/28,135.0,74.0,28.0,24.0,4.0,8.0
2017/11/29,152.0,39.0,30.0,11.0,2.0,4.0
2017/11/30,74.0,61.0,36.0,12.0,4.0,5.0
2017/12/1,115.0,49.0,18.0,30.0,3.0,6.0
2017/12/2,95.0,51.0,13.0,36.0,5.0,8.0
2017/12/3,117.0,72.0,33.0,21.0,4.0,8.0
2017/12/4,161.0,46.0,24.0,19.0,6.0,7.0
2017/12/5,111.0,64.0,27.0,41.0,7.0,10.0
2017/12/6,141.0,84.0,26.0,55.0,7.0,12.0
2017/12/7,169.0,50.0,24.0,20.0,4.0,7.0
2017/12/8,98.0,61.0,16.0,39.0,9.0,10.0
2017/12/9,223.0,82.0,23.0,38.0,10.0,10.0
2017/12/10,409.0,72.0,21.0,41.0,7.0,11.0
2017/12/11,409.0,39.0,31.0,17.0,3.0,5.0
2017/12/12,293.0,34.0,33.0,17.0,3.0,5.0
2017/12/13,75.0,36.0,25.0,17.0,3.0,6.0
2017/12/14,84.0,26.0,28.0,20.0,3.0,5.0
2017/12/15,76.0,59.0,24.0,18.0,5.0,8.0
2017/12/16,150.0,57.0,25.0,24.0,7.0,8.0
2017/12/17,138.0,57.0,19.0,41.0,9.0,10.0
2017/12/18,138.0,59.0,27.0,30.0,8.0,9.0
2017/12/19,112.0,61.0,17.0,40.0,8.0,8.0
2017/12/20,118.0,78.0,18.0,42.0,9.0,10.0
2017/12/21,161.0,71.0,28.0,45.0,7.0,8.0
2017/12/22,155.0,57.0,31.0,30.0,4.0,6.0
2017/12/23,128.0,100.0,30.0,37.0,11.0,11.0
2017/12/24,191.0,75.0,29.0,28.0,7.0,8.0
2017/12/25,136.0,54.0,24.0,36.0,7.0,7.0
2017/12/26,112.0,54.0,33.0,26.0,5.0,6.0
2017/12/27,110.0,27.0,25.0,28.0,3.0,5.0
2017/12/28,74.0,39.0,22.0,32.0,4.0,6.0
2017/12/29,98.0,57.0,21.0,30.0,4.0,8.0
2017/12/30,141.0,119.0,28.0,30.0,6.0,15.0
2017/12/31,253.0,54.0,31.0,28.0,6.0,8.0
2018/1/1,132.0,37.0,26.0,26.0,4.0,7.0
2018/1/2,90.0,31.0,33.0,12.0,3.0,6.0
2018/1/3,77.0,10.0,25.0,13.0,3.0,5.0
2018/1/4,48.0,24.0,24.0,18.0,4.0,6.0
2018/1/5,75.0,55.0,21.0,27.0,5.0,9.0
2018/1/6,153.0,21.0,19.0,22.0,3.0,8.0
2018/1/7,78.0,73.0,32.0,23.0,5.0,12.0
2018/1/8,167.0,45.0,27.0,22.0,6.0,8.0
2018/1/9,96.0,54.0,23.0,24.0,8.0,7.0
2018/1/10,109.0,58.0,23.0,26.0,10.0,8.0
2018/1/11,131.0,42.0,18.0,23.0,8.0,7.0
2018/1/12,187.0,59.0,13.0,39.0,11.0,11.0
2018/1/13,257.0,40.0,26.0,31.0,6.0,5.0
2018/1/14,93.0,41.0,20.0,36.0,7.0,7.0
2018/1/15,159.0,56.0,9.0,35.0,5.0,7.0
2018/1/16,132.0,80.0,22.0,31.0,4.0,10.0
2018/1/17,176.0,68.0,27.0,28.0,3.0,7.0
2018/1/18,164.0,92.0,23.0,38.0,6.0,10.0
2018/1/19,189.0,76.0,24.0,36.0,6.0,9.0
2018/1/20,172.0,45.0,36.0,27.0,5.0,6.0
2018/1/21,117.0,39.0,29.0,30.0,3.0,8.0
2018/1/22,120.0,68.0,28.0,18.0,3.0,8.0
2018/1/23,186.0,25.0,31.0,10.0,3.0,4.0
2018/1/24,80.0,13.0,27.0,14.0,2.0,3.0
2018/1/25,60.0,19.0,27.0,10.0,3.0,4.0
2018/1/26,67.0,20.0,22.0,18.0,3.0,4.0
2018/1/27,69.0,21.0,27.0,16.0,3.0,5.0
2018/1/28,78.0,72.0,31.0,20.0,9.0,10.0
2018/1/29,175.0,122.0,34.0,42.0,14.0,17.0
2018/1/30,249.0,110.0,25.0,49.0,13.0,15.0
2018/1/31,238.0,86.0,33.0,40.0,12.0,14.0
2018/2/1,194.0,77.0,35.0,37.0,12.0,11.0
2018/2/2,177.0,31.0,29.0,12.0,5.0,5.0
2018/2/3,185.0,39.0,31.0,15.0,7.0,6.0
2018/2/4,101.0,53.0,27.0,30.0,9.0,8.0
2018/2/5,137.0,39.0,27.0,22.0,6.0,6.0
2018/2/6,94.0,35.0,30.0,28.0,5.0,5.0
2018/2/7,81.0,70.0,32.0,32.0,7.0,9.0
2018/2/8,164.0,57.0,30.0,34.0,6.0,8.0
2018/2/9,151.0,75.0,29.0,24.0,5.0,8.0
2018/2/10,139.0,88.0,35.0,22.0,6.0,7.0
2018/2/11,110.0,91.0,33.0,16.0,6.0,6.0
2018/2/12,101.0,47.0,44.0,21.0,7.0,6.0
2018/2/13,99.0,59.0,46.0,29.0,5.0,6.0
2018/2/14,112.0,49.0,35.0,16.0,4.0,5.0
2018/2/15,104.0,23.0,31.0,13.0,3.0,3.0
2018/2/16,65.0,43.0,48.0,13.0,4.0,5.0
2018/2/17,111.0,25.0,35.0,12.0,3.0,4.0
2018/2/18,57.0,20.0,41.0,11.0,3.0,3.0
2018/2/19,68.0,45.0,43.0,11.0,4.0,5.0
2018/2/20,121.0,41.0,39.0,11.0,3.0,5.0
2018/2/21,102.0,47.0,33.0,19.0,4.0,7.0
2018/2/22,123.0,49.0,44.0,19.0,4.0,6.0
2018/2/23,133.0,40.0,39.0,18.0,4.0,5.0
2018/2/24,111.0,38.0,39.0,15.0,3.0,5.0
2018/2/25,102.0,42.0,40.0,23.0,4.0,5.0
2018/2/26,114.0,43.0,54.0,16.0,4.0,4.0
2018/2/27,110.0,33.0,35.0,18.0,3.0,5.0
2018/2/28,97.0,64.0,44.0,23.0,4.0,7.0
2018/3/1,173.0,33.0,36.0,14.0,3.0,4.0
2018/3/2,76.0,31.0,38.0,19.0,3.0,5.0
2018/3/3,99.0,31.0,48.0,15.0,3.0,5.0
2018/3/4,92.0,34.0,38.0,12.0,3.0,3.0
2018/3/5,70.0,38.0,41.0,11.0,3.0,3.0
2018/3/6,64.0,26.0,34.0,17.0,3.0,3.0
2018/3/7,74.0,45.0,38.0,13.0,3.0,5.0
2018/3/8,111.0,44.0,30.0,21.0,4.0,5.0
2018/3/9,118.0,55.0,65.0,29.0,5.0,6.0
2018/3/10,125.0,57.0,55.0,27.0,5.0,5.0
2018/3/11,144.0,36.0,48.0,24.0,5.0,4.0
2018/3/12,165.0,36.0,48.0,21.0,7.0,4.0
2018/3/13,79.0,31.0,33.0,16.0,4.0,3.0
2018/3/14,133.0,43.0,21.0,31.0,5.0,7.0
2018/3/15,106.0,39.0,38.0,12.0,3.0,3.0
2018/3/16,82.0,34.0,40.0,13.0,3.0,2.0
2018/3/17,73.0,43.0,34.0,25.0,4.0,5.0
2018/3/18,88.0,34.0,32.0,18.0,3.0,5.0
2018/3/19,96.0,47.0,29.0,21.0,3.0,7.0
2018/3/20,131.0,29.0,21.0,21.0,3.0,6.0
2018/3/21,100.0,66.0,40.0,33.0,6.0,8.0
2018/3/22,161.0,77.0,60.0,32.0,5.0,7.0
2018/3/23,165.0,65.0,54.0,31.0,5.0,6.0
2018/3/24,144.0,71.0,69.0,27.0,5.0,6.0
2018/3/25,153.0,61.0,54.0,25.0,6.0,5.0
2018/3/26,138.0,60.0,59.0,26.0,7.0,5.0
2018/3/27,136.0,55.0,68.0,24.0,5.0,5.0
2018/3/28,122.0,44.0,35.0,21.0,3.0,4.0
2018/3/29,114.0,36.0,22.0,23.0,3.0,4.0
2018/3/30,90.0,46.0,53.0,19.0,3.0,4.0
2018/3/31,99.0,69.0,67.0,18.0,5.0,5.0
2018/4/1,121.0,80.0,26.0,29.0,6.0,5.0
2018/4/2,129.0,67.0,45.0,16.0,5.0,4.0
2018/4/3,134.0,45.0,33.0,16.0,3.0,4.0
2018/4/4,104.0,31.0,30.0,18.0,3.0,4.0
2018/4/5,98.0,93.0,40.0,15.0,4.0,6.0
2018/4/6,125.0,58.0,44.0,16.0,5.0,4.0
2018/4/7,85.0,65.0,62.0,31.0,5.0,4.0
2018/4/8,372.0,72.0,65.0,33.0,6.0,5.0
2018/4/9,290.0,53.0,66.0,20.0,5.0,5.0
2018/4/10,184.0,104.0,64.0,37.0,8.0,7.0
2018/4/11,253.0,63.0,39.0,22.0,6.0,4.0
2018/4/12,91.0,44.0,42.0,20.0,4.0,4.0
2018/4/13,76.0,32.0,30.0,20.0,3.0,5.0
2018/4/14,97.0,71.0,68.0,21.0,5.0,6.0
2018/4/15,135.0,110.0,34.0,27.0,5.0,4.0
2018/4/16,91.0,56.0,46.0,31.0,7.0,4.0
2018/4/17,111.0,58.0,76.0,28.0,5.0,4.0
2018/4/18,125.0,57.0,74.0,22.0,5.0,4.0
2018/4/19,110.0,58.0,52.0,14.0,4.0,4.0
2018/4/20,96.0,55.0,43.0,13.0,5.0,5.0
2018/4/21,95.0,46.0,61.0,17.0,7.0,6.0
2018/4/22,95.0,41.0,37.0,22.0,4.0,5.0
2018/4/23,107.0,23.0,43.0,14.0,4.0,4.0
2018/4/24,80.0,51.0,68.0,26.0,6.0,6.0
2018/4/25,126.0,38.0,37.0,28.0,6.0,3.0
2018/4/26,91.0,70.0,113.0,30.0,6.0,6.0
2018/4/27,151.0,89.0,103.0,27.0,7.0,8.0
2018/4/28,175.0,74.0,123.0,22.0,6.0,7.0
2018/4/29,165.0,68.0,112.0,25.0,4.0,8.0
2018/4/30,156.0,49.0,63.0,23.0,3.0,7.0
2018/5/1,121.0,56.0,60.0,17.0,2.0,7.0
2018/5/2,162.0,40.0,90.0,17.0,3.0,3.0
2018/5/3,100.0,51.0,100.0,20.0,6.0,4.0
2018/5/4,116.0,36.0,54.0,18.0,4.0,3.0
2018/5/5,90.0,47.0,44.0,22.0,4.0,4.0
2018/5/6,121.0,35.0,38.0,15.0,2.0,5.0
2018/5/7,98.0,42.0,56.0,18.0,3.0,5.0
2018/5/8,105.0,51.0,59.0,15.0,3.0,4.0
2018/5/9,101.0,43.0,66.0,10.0,3.0,3.0
2018/5/10,76.0,45.0,65.0,10.0,3.0,3.0
2018/5/11,79.0,73.0,68.0,30.0,5.0,7.0
2018/5/12,137.0,71.0,66.0,18.0,3.0,8.0
2018/5/13,163.0,56.0,89.0,13.0,3.0,6.0
2018/5/14,150.0,59.0,93.0,10.0,4.0,5.0
2018/5/15,140.0,55.0,104.0,13.0,5.0,5.0
2018/5/16,119.0,52.0,87.0,20.0,6.0,5.0
2018/5/17,111.0,54.0,74.0,28.0,3.0,7.0
2018/5/18,126.0,33.0,37.0,13.0,1.0,5.0
2018/5/19,91.0,24.0,37.0,10.0,2.0,3.0
2018/5/20,67.0,34.0,33.0,14.0,2.0,4.0
2018/5/21,81.0,39.0,33.0,15.0,3.0,4.0
2018/5/22,115.0,73.0,73.0,16.0,4.0,5.0
2018/5/23,111.0,85.0,54.0,21.0,4.0,3.0
2018/5/24,114.0,44.0,41.0,21.0,3.0,4.0
2018/5/25,88.0,35.0,37.0,17.0,3.0,4.0
2018/5/26,96.0,38.0,34.0,20.0,3.0,4.0
2018/5/27,108.0,69.0,78.0,24.0,5.0,7.0
2018/5/28,155.0,84.0,50.0,28.0,6.0,7.0
2018/5/29,168.0,71.0,30.0,27.0,4.0,7.0
2018/5/30,156.0,49.0,64.0,25.0,4.0,6.0
2018/5/31,119.0,40.0,73.0,18.0,4.0,4.0
2018/6/1,109.0,41.0,72.0,15.0,4.0,3.0
2018/6/2,100.0,47.0,63.0,12.0,4.0,3.0
2018/6/3,107.0,44.0,59.0,18.0,4.0,4.0
2018/6/4,114.0,67.0,97.0,29.0,5.0,6.0
2018/6/5,162.0,54.0,106.0,16.0,4.0,5.0
2018/6/6,135.0,32.0,62.0,12.0,3.0,4.0
2018/6/7,117.0,31.0,45.0,15.0,4.0,3.0
2018/6/8,83.0,30.0,43.0,11.0,4.0,3.0
2018/6/9,85.0,46.0,54.0,15.0,4.0,5.0
2018/6/10,117.0,58.0,112.0,17.0,5.0,7.0
2018/6/11,145.0,63.0,135.0,19.0,8.0,7.0
2018/6/12,144.0,58.0,117.0,16.0,8.0,6.0
2018/6/13,159.0,37.0,62.0,10.0,4.0,4.0
2018/6/14,125.0,26.0,58.0,12.0,4.0,3.0
2018/6/15,68.0,40.0,44.0,8.0,4.0,3.0
2018/6/16,86.0,37.0,48.0,8.0,4.0,3.0
2018/6/17,83.0,32.0,51.0,7.0,3.0,4.0
2018/6/18,76.0,29.0,36.0,13.0,4.0,4.0
2018/6/19,81.0,14.0,39.0,13.0,3.0,3.0
2018/6/20,59.0,23.0,48.0,13.0,3.0,3.0
2018/6/21,70.0,29.0,40.0,13.0,3.0,3.0
2018/6/22,85.0,18.0,54.0,12.0,3.0,2.0
2018/6/23,58.0,26.0,45.0,11.0,2.0,3.0
2018/6/24,75.0,43.0,90.0,15.0,3.0,4.0
2018/6/25,110.0,50.0,97.0,17.0,4.0,5.0
2018/6/26,110.0,47.0,67.0,18.0,5.0,4.0
2018/6/27,98.0,49.0,50.0,24.0,4.0,5.0
2018/6/28,95.0,36.0,54.0,25.0,2.0,5.0
2018/6/29,91.0,26.0,25.0,18.0,3.0,4.0
2018/6/30,71.0,23.0,26.0,12.0,3.0,4.0
2018/7/1,67.0,29.0,24.0,8.0,2.0,3.0
2018/7/2,95.0,30.0,20.0,12.0,3.0,4.0
2018/7/3,69.0,47.0,,17.0,5.0,5.0
2018/7/4,110.0,28.0,,16.0,2.0,6.0
2018/7/5,89.0,25.0,,14.0,3.0,4.0
2018/7/6,70.0,25.0,,11.0,2.0,4.0
2018/7/7,69.0,45.0,,11.0,2.0,5.0
2018/7/8,94.0,33.0,,9.0,3.0,4.0
2018/7/9,68.0,27.0,,5.0,2.0,3.0
2018/7/10,58.0,36.0,,6.0,2.0,3.0
2018/7/11,67.0,30.0,,6.0,2.0,4.0
2018/7/12,60.0,28.0,,6.0,2.0,3.0
2018/7/13,60.0,28.0,,7.0,3.0,3.0
2018/7/14,57.0,29.0,,6.0,3.0,3.0
2018/7/15,57.0,23.0,,6.0,2.0,
2018/7/16,50.0,24.0,,7.0,2.0,3.0
2018/7/17,53.0,24.0,,6.0,2.0,2.0
2018/7/18,54.0,23.0,,5.0,2.0,3.0
2018/7/19,51.0,38.0,,7.0,4.0,3.0
2018/7/20,85.0,38.0,,6.0,3.0,4.0
2018/7/21,86.0,19.0,,4.0,1.0,4.0
2018/7/22,55.0,29.0,,7.0,2.0,5.0
2018/7/23,66.0,43.0,,14.0,3.0,6.0
2018/7/24,95.0,60.0,,14.0,4.0,5.0
2018/7/25,107.0,61.0,,28.0,4.0,7.0
2018/7/26,107.0,63.0,,28.0,4.0,7.0
2018/7/27,112.0,59.0,,15.0,6.0,6.0
2018/7/28,124.0,59.0,,17.0,5.0,6.0
2018/7/29,125.0,54.0,,15.0,3.0,7.0
2018/7/30,102.0,44.0,,15.0,5.0,7.0
2018/7/31,84.0,34.0,,9.0,3.0,4.0
2018/8/1,100.0,36.0,,7.0,3.0,4.0
2018/8/2,81.0,22.0,,8.0,2.0,5.0
2018/8/3,64.0,45.0,,9.0,2.0,5.0
2018/8/4,83.0,40.0,,9.0,2.0,4.0
2018/8/5,82.0,41.0,,10.0,2.0,5.0
2018/8/6,83.0,31.0,,11.0,2.0,4.0
2018/8/7,71.0,38.0,,11.0,3.0,4.0
2018/8/8,80.0,42.0,,12.0,3.0,4.0
2018/8/9,85.0,50.0,,16.0,4.0,6.0
2018/8/10,97.0,42.0,,13.0,3.0,6.0
2018/8/11,89.0,28.0,,10.0,2.0,5.0
2018/8/12,71.0,29.0,,6.0,1.0,4.0
2018/8/13,62.0,34.0,,7.0,2.0,4.0
2018/8/14,61.0,33.0,,9.0,3.0,4.0
2018/8/15,68.0,23.0,,6.0,1.0,4.0
2018/8/16,60.0,25.0,,6.0,1.0,5.0
2018/8/17,57.0,24.0,,7.0,1.0,5.0
2018/8/18,56.0,25.0,,7.0,2.0,4.0
2018/8/19,54.0,32.0,,8.0,2.0,4.0
2018/8/20,60.0,28.0,,18.0,2.0,6.0
2018/8/21,71.0,31.0,,11.0,2.0,4.0
2018/8/22,71.0,51.0,,10.0,2.0,6.0
2018/8/23,89.0,61.0,,17.0,5.0,8.0
2018/8/24,105.0,31.0,27.0,11.0,2.0,4.0
2018/8/25,79.0,21.0,26.0,12.0,1.0,4.0
2018/8/26,67.0,26.0,30.0,11.0,2.0,3.0
2018/8/27,57.0,24.0,32.0,8.0,2.0,3.0
2018/8/28,54.0,25.0,33.0,7.0,2.0,4.0
2018/8/29,56.0,31.0,42.0,8.0,2.0,3.0
2018/8/30,63.0,34.0,82.0,10.0,4.0,4.0
2018/8/31,69.0,42.0,51.0,18.0,2.0,6.0
2018/9/1,107.0,45.0,65.0,17.0,2.0,7.0
2018/9/2,117.0,47.0,72.0,15.0,2.0,7.0
2018/9/3,126.0,53.0,95.0,15.0,4.0,8.0
2018/9/4,117.0,58.0,114.0,18.0,5.0,7.0
2018/9/5,229.0,64.0,110.0,15.0,5.0,8.0
2018/9/6,195.0,66.0,30.0,32.0,5.0,10.0
2018/9/7,159.0,28.0,42.0,14.0,2.0,4.0
2018/9/8,66.0,27.0,48.0,11.0,3.0,4.0
2018/9/9,67.0,27.0,47.0,12.0,2.0,4.0
2018/9/10,63.0,33.0,37.0,14.0,3.0,4.0
2018/9/11,64.0,23.0,29.0,12.0,2.0,4.0
2018/9/12,70.0,20.0,24.0,13.0,2.0,4.0
2018/9/13,68.0,23.0,30.0,19.0,3.0,4.0
2018/9/14,63.0,23.0,38.0,12.0,3.0,4.0
2018/9/15,67.0,22.0,21.0,8.0,2.0,5.0
2018/9/16,63.0,15.0,13.0,15.0,2.0,5.0
2018/9/17,54.0,24.0,22.0,16.0,3.0,5.0
2018/9/18,69.0,37.0,68.0,19.0,2.0,5.0
2018/9/19,98.0,37.0,24.0,28.0,2.0,6.0
2018/9/20,99.0,30.0,30.0,20.0,2.0,7.0
2018/9/21,94.0,29.0,37.0,24.0,2.0,6.0
2018/9/22,83.0,52.0,76.0,18.0,3.0,7.0
2018/9/23,157.0,42.0,73.0,7.0,3.0,5.0
2018/9/24,102.0,25.0,45.0,7.0,3.0,3.0
2018/9/25,126.0,23.0,43.0,8.0,2.0,4.0
2018/9/26,89.0,26.0,41.0,8.0,2.0,4.0
2018/9/27,94.0,25.0,41.0,11.0,3.0,3.0
2018/9/28,59.0,25.0,41.0,8.0,3.0,3.0
2018/9/29,64.0,51.0,93.0,12.0,4.0,5.0
2018/9/30,117.0,42.0,47.0,11.0,5.0,4.0
2018/10/1,72.0,39.0,58.0,14.0,4.0,5.0
2018/10/2,85.0,31.0,57.0,14.0,3.0,4.0
2018/10/3,84.0,30.0,55.0,9.0,3.0,3.0
2018/10/4,75.0,24.0,44.0,7.0,2.0,3.0
2018/10/5,72.0,38.0,49.0,12.0,3.0,4.0
2018/10/6,88.0,49.0,90.0,14.0,3.0,4.0
2018/10/7,103.0,39.0,43.0,14.0,3.0,3.0
2018/10/8,74.0,41.0,32.0,24.0,3.0,5.0
2018/10/9,87.0,40.0,31.0,13.0,3.0,4.0
2018/10/10,93.0,30.0,38.0,11.0,3.0,2.0
2018/10/11,131.0,30.0,39.0,16.0,3.0,3.0
2018/10/12,103.0,28.0,46.0,19.0,3.0,3.0
2018/10/13,74.0,22.0,36.0,17.0,3.0,2.0
2018/10/14,66.0,22.0,43.0,13.0,3.0,2.0
2018/10/15,63.0,27.0,41.0,15.0,2.0,4.0
2018/10/16,84.0,42.0,61.0,24.0,5.0,5.0
2018/10/17,115.0,31.0,38.0,12.0,3.0,4.0
2018/10/18,82.0,29.0,39.0,18.0,3.0,3.0
2018/10/19,67.0,25.0,36.0,19.0,3.0,3.0
2018/10/20,65.0,23.0,39.0,18.0,3.0,3.0
2018/10/21,67.0,16.0,28.0,22.0,2.0,5.0
2018/10/22,66.0,47.0,46.0,18.0,4.0,6.0
2018/10/23,133.0,66.0,60.0,24.0,4.0,6.0
2018/10/24,144.0,50.0,48.0,15.0,4.0,3.0
2018/10/25,120.0,59.0,51.0,16.0,4.0,6.0
2018/10/26,141.0,65.0,31.0,24.0,6.0,5.0
2018/10/27,109.0,57.0,44.0,31.0,7.0,5.0
2018/10/28,111.0,67.0,43.0,33.0,8.0,6.0
2018/10/29,136.0,37.0,42.0,16.0,4.0,4.0
2018/10/30,146.0,29.0,43.0,10.0,3.0,3.0
2018/10/31,74.0,17.0,34.0,9.0,2.0,3.0
2018/11/1,59.0,22.0,35.0,16.0,2.0,3.0
2018/11/2,66.0,24.0,38.0,17.0,2.0,3.0
2018/11/3,98.0,24.0,41.0,18.0,3.0,4.0
2018/11/4,79.0,28.0,37.0,13.0,3.0,5.0
2018/11/5,88.0,24.0,40.0,14.0,2.0,4.0
2018/11/6,75.0,34.0,18.0,22.0,3.0,5.0
2018/11/7,102.0,18.0,12.0,14.0,3.0,6.0
2018/11/8,65.0,47.0,29.0,21.0,3.0,7.0
2018/11/9,129.0,40.0,39.0,19.0,2.0,4.0
2018/11/10,273.0,44.0,23.0,23.0,2.0,5.0
2018/11/11,296.0,24.0,34.0,11.0,2.0,3.0
2018/11/12,66.0,34.0,36.0,15.0,2.0,3.0
2018/11/13,79.0,44.0,39.0,23.0,2.0,5.0
2018/11/14,102.0,28.0,17.0,30.0,2.0,4.0
2018/11/15,80.0,24.0,31.0,15.0,3.0,3.0
2018/11/16,82.0,28.0,33.0,11.0,2.0,3.0
2018/11/17,69.0,16.0,23.0,15.0,2.0,3.0
2018/11/18,66.0,55.0,22.0,21.0,3.0,8.0
2018/11/19,147.0,48.0,34.0,28.0,3.0,7.0
2018/11/20,128.0,14.0,30.0,18.0,2.0,3.0
2018/11/21,60.0,39.0,34.0,15.0,2.0,4.0
2018/11/22,100.0,48.0,33.0,32.0,3.0,4.0
2018/11/23,120.0,48.0,27.0,28.0,3.0,5.0
2018/11/24,117.0,67.0,45.0,36.0,3.0,7.0
2018/11/25,164.0,52.0,32.0,38.0,3.0,6.0
2018/11/26,135.0,59.0,31.0,35.0,3.0,8.0
2018/11/27,153.0,85.0,27.0,40.0,3.0,11.0
2018/11/28,188.0,85.0,51.0,47.0,3.0,11.0
2018/11/29,175.0,79.0,37.0,33.0,3.0,6.0
2018/11/30,146.0,57.0,29.0,28.0,3.0,3.0
2018/12/1,97.0,36.0,19.0,22.0,2.0,3.0
2018/12/2,92.0,48.0,7.0,28.0,2.0,5.0
2018/12/3,133.0,32.0,22.0,15.0,2.0,4.0
2018/12/4,91.0,49.0,24.0,12.0,2.0,2.0
2018/12/5,69.0,20.0,24.0,12.0,2.0,2.0
2018/12/6,58.0,29.0,21.0,13.0,2.0,4.0
2018/12/7,92.0,40.0,18.0,15.0,3.0,4.0
2018/12/8,94.0,32.0,15.0,19.0,3.0,5.0
2018/12/9,107.0,13.0,23.0,12.0,2.0,3.0
2018/12/10,54.0,15.0,24.0,14.0,2.0,4.0
2018/12/11,64.0,59.0,23.0,19.0,4.0,9.0
2018/12/12,160.0,60.0,19.0,27.0,5.0,8.0
2018/12/13,161.0,50.0,24.0,26.0,4.0,6.0
2018/12/14,133.0,22.0,17.0,26.0,3.0,2.0
2018/12/15,65.0,52.0,20.0,28.0,3.0,7.0
2018/12/16,134.0,74.0,23.0,35.0,5.0,9.0
2018/12/17,177.0,87.0,21.0,49.0,5.0,12.0
2018/12/18,168.0,69.0,11.0,47.0,7.0,8.0
2018/12/19,151.0,37.0,23.0,28.0,3.0,5.0
2018/12/20,96.0,42.0,8.0,35.0,3.0,5.0
2018/12/21,144.0,37.0,23.0,22.0,2.0,5.0
2018/12/22,112.0,45.0,35.0,13.0,3.0,6.0
2018/12/23,120.0,46.0,31.0,16.0,3.0,3.0
2018/12/24,96.0,31.0,18.0,23.0,3.0,2.0
2018/12/25,72.0,14.0,28.0,12.0,3.0,3.0
2018/12/26,63.0,32.0,27.0,9.0,3.0,2.0
2018/12/27,72.0,38.0,24.0,12.0,3.0,3.0
2018/12/28,94.0,39.0,20.0,17.0,4.0,6.0
2018/12/29,107.0,33.0,17.0,20.0,4.0,5.0
2018/12/30,103.0,,,,,
2018/12/31,,34.0,26.0,13.0,4.0,3.0
2019/1/1,93.0,61.0,28.0,18.0,7.0,7.0
2019/1/2,158.0,52.0,22.0,26.0,5.0,6.0
2019/1/3,144.0,25.0,20.0,28.0,3.0,4.0
2019/1/4,75.0,35.0,23.0,23.0,3.0,5.0
2019/1/5,105.0,35.0,25.0,21.0,3.0,3.0
2019/1/6,95.0,33.0,25.0,24.0,4.0,3.0
2019/1/7,97.0,50.0,32.0,20.0,5.0,6.0
2019/1/8,159.0,28.0,26.0,20.0,4.0,5.0
2019/1/9,89.0,21.0,22.0,24.0,3.0,5.0
2019/1/10,78.0,21.0,17.0,27.0,3.0,6.0
2019/1/11,72.0,41.0,12.0,25.0,4.0,10.0
2019/1/12,120.0,65.0,18.0,28.0,4.0,10.0
2019/1/13,165.0,65.0,31.0,31.0,4.0,8.0
2019/1/14,164.0,78.0,37.0,26.0,5.0,12.0
2019/1/15,185.0,53.0,32.0,24.0,5.0,6.0
2019/1/16,105.0,87.0,23.0,46.0,7.0,11.0
2019/1/17,164.0,77.0,40.0,40.0,6.0,9.0
2019/1/18,168.0,73.0,27.0,42.0,6.0,10.0
2019/1/19,162.0,74.0,33.0,29.0,6.0,9.0
2019/1/20,160.0,57.0,24.0,39.0,6.0,7.0
2019/1/21,124.0,78.0,27.0,45.0,7.0,10.0
2019/1/22,167.0,81.0,37.0,53.0,6.0,11.0
2019/1/23,172.0,78.0,42.0,48.0,8.0,10.0
2019/1/24,173.0,40.0,36.0,29.0,4.0,4.0
2019/1/25,100.0,34.0,29.0,13.0,4.0,3.0
2019/1/26,69.0,36.0,33.0,22.0,4.0,3.0
2019/1/27,71.0,54.0,29.0,32.0,5.0,6.0
2019/1/28,128.0,63.0,35.0,26.0,4.0,6.0
2019/1/29,120.0,53.0,28.0,31.0,3.0,6.0
2019/1/30,92.0,27.0,34.0,11.0,1.0,5.0
2019/1/31,62.0,60.0,28.0,15.0,2.0,8.0
2019/2/1,147.0,61.0,36.0,15.0,3.0,7.0
2019/2/2,142.0,59.0,19.0,19.0,4.0,10.0
2019/2/3,143.0,94.0,35.0,15.0,4.0,8.0
2019/2/4,151.0,64.0,37.0,12.0,3.0,4.0
2019/2/5,76.0,58.0,36.0,15.0,3.0,6.0
2019/2/6,131.0,41.0,33.0,7.0,2.0,4.0
2019/2/7,92.0,23.0,30.0,7.0,2.0,2.0
2019/2/8,59.0,19.0,31.0,7.0,2.0,3.0
2019/2/9,58.0,25.0,29.0,9.0,3.0,3.0
2019/2/10,73.0,30.0,32.0,14.0,4.0,5.0
2019/2/11,91.0,28.0,33.0,16.0,2.0,4.0
2019/2/12,84.0,34.0,37.0,10.0,2.0,3.0
2019/2/13,87.0,39.0,36.0,12.0,2.0,4.0
2019/2/14,93.0,19.0,27.0,17.0,2.0,2.0
2019/2/15,67.0,51.0,31.0,11.0,2.0,4.0
2019/2/16,122.0,40.0,36.0,11.0,2.0,3.0
2019/2/17,94.0,23.0,27.0,18.0,2.0,1.0
2019/2/18,68.0,32.0,13.0,26.0,2.0,5.0
2019/2/19,99.0,44.0,31.0,20.0,2.0,6.0
2019/2/20,131.0,52.0,34.0,17.0,2.0,6.0
2019/2/21,148.0,47.0,28.0,22.0,2.0,6.0
2019/2/22,137.0,84.0,35.0,32.0,5.0,9.0
2019/2/23,185.0,81.0,41.0,44.0,6.0,11.0
2019/2/24,180.0,67.0,30.0,46.0,4.0,9.0
2019/2/25,191.0,50.0,39.0,22.0,2.0,4.0
2019/2/26,113.0,41.0,30.0,23.0,2.0,5.0
2019/2/27,93.0,39.0,31.0,22.0,3.0,4.0
2019/2/28,101.0,76.0,47.0,28.0,3.0,7.0
2019/3/1,157.0,51.0,38.0,24.0,2.0,6.0
2019/3/2,140.0,67.0,34.0,31.0,3.0,7.0
2019/3/3,161.0,77.0,46.0,27.0,4.0,8.0
2019/3/4,172.0,69.0,40.0,27.0,2.0,7.0
2019/3/5,168.0,66.0,66.0,23.0,2.0,9.0
2019/3/6,157.0,67.0,50.0,16.0,3.0,7.0
2019/3/7,140.0,40.0,38.0,17.0,2.0,4.0
2019/3/8,76.0,33.0,24.0,40.0,2.0,7.0
2019/3/9,97.0,51.0,22.0,27.0,2.0,8.0
2019/3/10,135.0,77.0,49.0,39.0,4.0,8.0
2019/3/11,157.0,90.0,47.0,29.0,4.0,7.0
2019/3/12,155.0,61.0,38.0,19.0,2.0,4.0
2019/3/13,78.0,35.0,35.0,23.0,2.0,5.0
2019/3/14,75.0,55.0,44.0,28.0,4.0,7.0
2019/3/15,132.0,63.0,62.0,28.0,4.0,6.0
2019/3/16,201.0,72.0,74.0,33.0,6.0,9.0
2019/3/17,220.0,39.0,39.0,21.0,2.0,6.0
2019/3/18,106.0,43.0,49.0,29.0,2.0,7.0
2019/3/19,109.0,48.0,45.0,24.0,3.0,7.0
2019/3/20,100.0,53.0,40.0,19.0,2.0,10.0
2019/3/21,138.0,35.0,39.0,12.0,2.0,5.0
2019/3/22,72.0,42.0,43.0,20.0,4.0,7.0
2019/3/23,89.0,50.0,53.0,18.0,2.0,6.0
2019/3/24,117.0,56.0,40.0,31.0,2.0,8.0
2019/3/25,146.0,61.0,49.0,35.0,4.0,8.0
2019/3/26,145.0,53.0,37.0,34.0,4.0,9.0
2019/3/27,135.0,60.0,31.0,39.0,3.0,11.0
2019/3/28,151.0,55.0,42.0,27.0,2.0,7.0
2019/3/29,126.0,64.0,40.0,27.0,4.0,7.0
2019/3/30,136.0,49.0,44.0,15.0,2.0,5.0
2019/3/31,64.0,51.0,60.0,23.0,3.0,6.0
2019/4/1,115.0,56.0,53.0,25.0,3.0,7.0
2019/4/2,98.0,60.0,40.0,34.0,3.0,8.0
2019/4/3,134.0,42.0,40.0,20.0,2.0,6.0
2019/4/4,117.0,63.0,81.0,24.0,3.0,8.0
2019/4/5,151.0,59.0,74.0,24.0,4.0,7.0
2019/4/6,141.0,81.0,91.0,31.0,5.0,9.0
2019/4/7,156.0,72.0,67.0,29.0,4.0,9.0
2019/4/8,162.0,47.0,43.0,14.0,2.0,6.0
2019/4/9,113.0,25.0,37.0,14.0,2.0,6.0
2019/4/10,75.0,38.0,42.0,20.0,2.0,7.0
2019/4/11,90.0,55.0,59.0,32.0,3.0,8.0
2019/4/12,139.0,38.0,56.0,19.0,2.0,5.0
2019/4/13,88.0,46.0,49.0,21.0,3.0,9.0
2019/4/14,121.0,56.0,50.0,21.0,2.0,8.0
2019/4/15,105.0,52.0,45.0,19.0,2.0,5.0
2019/4/16,75.0,50.0,61.0,21.0,2.0,5.0
2019/4/17,124.0,61.0,90.0,22.0,3.0,7.0
2019/4/18,134.0,51.0,40.0,22.0,2.0,6.0
2019/4/19,128.0,32.0,39.0,13.0,2.0,4.0
2019/4/20,72.0,38.0,22.0,19.0,2.0,5.0
2019/4/21,89.0,22.0,25.0,21.0,2.0,5.0
2019/4/22,73.0,45.0,36.0,26.0,2.0,9.0
2019/4/23,119.0,84.0,22.0,44.0,3.0,14.0
2019/4/24,180.0,46.0,32.0,26.0,2.0,7.0
2019/4/25,114.0,38.0,38.0,19.0,2.0,5.0
2019/4/26,86.0,37.0,50.0,15.0,2.0,4.0
2019/4/27,67.0,42.0,36.0,24.0,2.0,7.0
2019/4/28,101.0,38.0,26.0,29.0,2.0,7.0
2019/4/29,113.0,30.0,29.0,24.0,2.0,6.0
2019/4/30,84.0,69.0,65.0,28.0,3.0,8.0
2019/5/1,143.0,76.0,53.0,26.0,3.0,6.0
2019/5/2,137.0,63.0,58.0,30.0,3.0,6.0
2019/5/3,95.0,57.0,73.0,24.0,3.0,5.0
2019/5/4,135.0,56.0,69.0,12.0,2.0,5.0
2019/5/5,119.0,44.0,47.0,10.0,3.0,3.0
2019/5/6,120.0,47.0,48.0,13.0,2.0,3.0
2019/5/7,64.0,47.0,54.0,13.0,2.0,4.0
2019/5/8,70.0,54.0,96.0,19.0,4.0,6.0
2019/5/9,110.0,51.0,87.0,15.0,3.0,5.0
2019/5/10,116.0,57.0,118.0,19.0,3.0,5.0
2019/5/11,125.0,50.0,89.0,16.0,2.0,5.0
2019/5/12,111.0,40.0,48.0,16.0,2.0,5.0
2019/5/13,88.0,31.0,43.0,12.0,2.0,5.0
2019/5/14,81.0,29.0,32.0,13.0,2.0,5.0
2019/5/15,80.0,47.0,26.0,20.0,2.0,6.0
2019/5/16,124.0,31.0,31.0,18.0,2.0,6.0
2019/5/17,76.0,50.0,34.0,19.0,2.0,8.0
2019/5/18,114.0,59.0,42.0,24.0,2.0,8.0
2019/5/19,144.0,61.0,47.0,19.0,3.0,5.0
2019/5/20,103.0,70.0,96.0,27.0,4.0,6.0
2019/5/21,101.0,71.0,111.0,25.0,4.0,7.0
2019/5/22,124.0,80.0,137.0,29.0,5.0,7.0
2019/5/23,152.0,60.0,92.0,22.0,3.0,5.0
2019/5/24,114.0,49.0,53.0,8.0,2.0,4.0
2019/5/25,86.0,31.0,36.0,9.0,2.0,4.0
2019/5/26,84.0,35.0,46.0,11.0,2.0,6.0
2019/5/27,97.0,29.0,47.0,12.0,2.0,6.0
2019/5/28,65.0,53.0,47.0,38.0,2.0,9.0
2019/5/29,117.0,46.0,64.0,23.0,2.0,7.0
2019/5/30,81.0,57.0,67.0,22.0,2.0,9.0
2019/5/31,143.0,39.0,50.0,15.0,2.0,8.0
2019/6/1,106.0,29.0,59.0,12.0,2.0,7.0
2019/6/2,76.0,36.0,68.0,12.0,2.0,8.0
2019/6/3,94.0,42.0,82.0,15.0,2.0,7.0
2019/6/4,102.0,48.0,71.0,12.0,2.0,5.0
2019/6/5,125.0,36.0,37.0,11.0,1.0,5.0
2019/6/6,83.0,27.0,48.0,10.0,2.0,4.0
2019/6/7,75.0,31.0,68.0,10.0,1.0,4.0
2019/6/8,85.0,31.0,68.0,8.0,1.0,4.0
2019/6/9,83.0,46.0,45.0,15.0,1.0,6.0
2019/6/10,120.0,33.0,48.0,10.0,1.0,4.0
2019/6/11,93.0,27.0,47.0,9.0,2.0,4.0
2019/6/12,71.0,29.0,42.0,10.0,2.0,4.0
2019/6/13,80.0,26.0,48.0,11.0,2.0,3.0
2019/6/14,74.0,58.0,125.0,18.0,3.0,6.0
2019/6/15,137.0,71.0,124.0,17.0,5.0,6.0
2019/6/16,162.0,46.0,58.0,15.0,5.0,3.0
2019/6/17,97.0,23.0,33.0,15.0,2.0,5.0
2019/6/18,71.0,33.0,36.0,15.0,1.0,5.0
2019/6/19,98.0,26.0,31.0,11.0,1.0,4.0
2019/6/20,82.0,22.0,31.0,9.0,2.0,4.0
2019/6/21,72.0,35.0,37.0,11.0,2.0,4.0
2019/6/22,96.0,35.0,47.0,8.0,1.0,4.0
2019/6/23,91.0,28.0,54.0,8.0,2.0,3.0
2019/6/24,107.0,26.0,35.0,9.0,1.0,3.0
2019/6/25,60.0,27.0,23.0,17.0,1.0,4.0
2019/6/26,73.0,36.0,68.0,16.0,1.0,4.0
2019/6/27,101.0,48.0,98.0,15.0,2.0,4.0
2019/6/28,114.0,45.0,33.0,21.0,1.0,7.0
2019/6/29,113.0,25.0,38.0,19.0,1.0,6.0
2019/6/30,76.0,23.0,38.0,14.0,1.0,4.0
2019/7/1,64.0,25.0,48.0,14.0,1.0,4.0
2019/7/2,70.0,33.0,50.0,10.0,1.0,4.0
2019/7/3,89.0,42.0,51.0,12.0,1.0,5.0
2019/7/4,111.0,44.0,52.0,12.0,1.0,4.0
2019/7/5,106.0,42.0,51.0,10.0,1.0,3.0
2019/7/6,107.0,40.0,96.0,12.0,1.0,6.0
2019/7/7,96.0,52.0,88.0,15.0,3.0,7.0
2019/7/8,136.0,23.0,30.0,10.0,2.0,3.0
2019/7/9,69.0,24.0,32.0,16.0,2.0,5.0
2019/7/10,65.0,42.0,47.0,21.0,2.0,6.0
2019/7/11,136.0,34.0,32.0,16.0,3.0,5.0
2019/7/12,97.0,16.0,38.0,9.0,2.0,4.0
2019/7/13,58.0,38.0,75.0,14.0,1.0,5.0
2019/7/14,97.0,33.0,51.0,9.0,1.0,3.0
2019/7/15,82.0,26.0,30.0,9.0,2.0,3.0
2019/7/16,70.0,32.0,34.0,9.0,1.0,3.0
2019/7/17,79.0,22.0,15.0,8.0,1.0,3.0
2019/7/18,62.0,19.0,17.0,9.0,1.0,3.0
2019/7/19,59.0,34.0,43.0,15.0,1.0,5.0
2019/7/20,83.0,47.0,79.0,15.0,2.0,4.0
2019/7/21,111.0,44.0,70.0,11.0,1.0,4.0
2019/7/22,101.0,42.0,89.0,13.0,2.0,3.0
2019/7/23,83.0,49.0,74.0,21.0,2.0,5.0
2019/7/24,101.0,53.0,66.0,23.0,2.0,5.0
2019/7/25,111.0,58.0,83.0,21.0,2.0,6.0
2019/7/26,134.0,50.0,62.0,21.0,3.0,5.0
2019/7/27,113.0,39.0,57.0,10.0,2.0,3.0
2019/7/28,80.0,33.0,73.0,11.0,2.0,2.0
2019/7/29,67.0,34.0,82.0,13.0,3.0,2.0
2019/7/30,58.0,29.0,52.0,12.0,2.0,4.0
2019/7/31,56.0,30.0,34.0,10.0,2.0,3.0
2019/8/1,52.0,25.0,23.0,9.0,2.0,3.0
2019/8/2,54.0,29.0,20.0,9.0,2.0,3.0
2019/8/3,63.0,27.0,15.0,11.0,1.0,5.0
2019/8/4,45.0,29.0,18.0,8.0,1.0,4.0
2019/8/5,54.0,28.0,32.0,8.0,2.0,4.0
2019/8/6,71.0,42.0,34.0,9.0,2.0,4.0
2019/8/7,88.0,30.0,14.0,8.0,2.0,4.0
2019/8/8,64.0,28.0,11.0,6.0,1.0,4.0
2019/8/9,60.0,20.0,32.0,3.0,1.0,5.0
2019/8/10,56.0,17.0,30.0,8.0,1.0,6.0
2019/8/11,38.0,35.0,66.0,14.0,2.0,7.0
2019/8/12,71.0,49.0,66.0,23.0,2.0,8.0
2019/8/13,103.0,53.0,108.0,19.0,2.0,8.0
2019/8/14,117.0,49.0,92.0,15.0,3.0,10.0
2019/8/15,123.0,56.0,122.0,14.0,2.0,9.0
2019/8/16,155.0,61.0,129.0,16.0,4.0,9.0
2019/8/17,143.0,56.0,71.0,16.0,2.0,8.0
2019/8/18,128.0,33.0,60.0,14.0,2.0,7.0
2019/8/19,73.0,29.0,53.0,12.0,2.0,7.0
2019/8/20,69.0,45.0,86.0,16.0,3.0,7.0
2019/8/21,91.0,54.0,77.0,15.0,2.0,6.0
2019/8/22,111.0,45.0,47.0,14.0,2.0,6.0
2019/8/23,107.0,34.0,31.0,14.0,2.0,5.0
2019/8/24,86.0,27.0,20.0,9.0,2.0,3.0
2019/8/25,62.0,33.0,64.0,12.0,2.0,4.0
2019/8/26,71.0,46.0,67.0,22.0,2.0,5.0
2019/8/27,94.0,30.0,39.0,17.0,2.0,5.0
2019/8/28,80.0,26.0,36.0,19.0,2.0,6.0
2019/8/29,82.0,56.0,84.0,23.0,2.0,8.0
2019/8/30,142.0,50.0,66.0,15.0,2.0,7.0
2019/8/31,111.0,21.0,42.0,14.0,2.0,5.0
2019/9/1,65.0,16.0,31.0,16.0,2.0,5.0
2019/9/2,46.0,24.0,14.0,28.0,2.0,6.0
2019/9/3,68.0,40.0,17.0,26.0,2.0,8.0
2019/9/4,112.0,25.0,13.0,16.0,2.0,5.0
2019/9/5,65.0,15.0,9.0,12.0,2.0,5.0
2019/9/6,51.0,34.0,60.0,14.0,2.0,6.0
2019/9/7,76.0,46.0,73.0,15.0,2.0,7.0
2019/9/8,107.0,39.0,37.0,18.0,2.0,6.0
2019/9/9,89.0,57.0,92.0,26.0,2.0,8.0
2019/9/10,114.0,43.0,48.0,15.0,2.0,6.0
2019/9/11,101.0,33.0,52.0,14.0,2.0,6.0
2019/9/12,73.0,31.0,45.0,11.0,2.0,5.0
2019/9/13,65.0,32.0,37.0,12.0,2.0,4.0
2019/9/14,65.0,25.0,43.0,9.0,2.0,6.0
2019/9/15,59.0,35.0,56.0,10.0,2.0,4.0
2019/9/16,64.0,45.0,49.0,12.0,2.0,5.0
2019/9/17,83.0,39.0,54.0,9.0,3.0,5.0
2019/9/18,74.0,35.0,38.0,9.0,2.0,4.0
2019/9/19,98.0,34.0,54.0,11.0,3.0,4.0
2019/9/20,72.0,22.0,41.0,9.0,2.0,4.0
2019/9/21,57.0,24.0,36.0,11.0,2.0,5.0
2019/9/22,59.0,46.0,44.0,20.0,3.0,7.0
2019/9/23,80.0,59.0,88.0,31.0,4.0,7.0
2019/9/24,115.0,57.0,72.0,28.0,3.0,6.0
2019/9/25,248.0,36.0,54.0,15.0,3.0,4.0
2019/9/26,86.0,38.0,49.0,18.0,3.0,4.0
2019/9/27,92.0,47.0,43.0,18.0,3.0,4.0
2019/9/28,116.0,43.0,45.0,15.0,3.0,4.0
2019/9/29,101.0,45.0,39.0,13.0,2.0,3.0
2019/9/30,98.0,21.0,14.0,9.0,2.0,2.0
2019/10/1,46.0,19.0,20.0,10.0,3.0,3.0
2019/10/2,57.0,34.0,33.0,18.0,3.0,4.0
2019/10/3,76.0,45.0,52.0,13.0,3.0,4.0
2019/10/4,116.0,38.0,43.0,10.0,3.0,3.0
2019/10/5,92.0,33.0,41.0,10.0,3.0,2.0
2019/10/6,45.0,48.0,26.0,19.0,3.0,5.0
2019/10/7,93.0,53.0,26.0,21.0,4.0,9.0
2019/10/8,138.0,51.0,35.0,22.0,4.0,7.0
2019/10/9,105.0,38.0,54.0,16.0,4.0,4.0
2019/10/10,65.0,50.0,29.0,18.0,5.0,6.0
2019/10/11,113.0,47.0,49.0,12.0,3.0,5.0
2019/10/12,135.0,40.0,43.0,15.0,3.0,4.0
2019/10/13,87.0,39.0,37.0,13.0,3.0,3.0
2019/10/14,76.0,31.0,32.0,10.0,2.0,3.0
2019/10/15,54.0,43.0,35.0,18.0,3.0,3.0
2019/10/16,73.0,43.0,41.0,18.0,3.0,4.0
2019/10/17,82.0,39.0,44.0,19.0,4.0,4.0
2019/10/18,77.0,49.0,54.0,21.0,4.0,5.0
2019/10/19,115.0,52.0,64.0,26.0,4.0,6.0
2019/10/20,133.0,45.0,50.0,21.0,3.0,4.0
2019/10/21,118.0,47.0,47.0,26.0,3.0,4.0
2019/10/22,96.0,49.0,51.0,20.0,3.0,4.0
2019/10/23,112.0,38.0,47.0,17.0,3.0,5.0
2019/10/24,90.0,61.0,64.0,20.0,4.0,7.0
2019/10/25,123.0,36.0,30.0,12.0,3.0,5.0
2019/10/26,78.0,40.0,24.0,22.0,3.0,5.0
2019/10/27,72.0,61.0,37.0,34.0,4.0,8.0
2019/10/28,144.0,142.0,49.0,29.0,6.0,9.0
2019/10/29,158.0,145.0,43.0,37.0,5.0,8.0
2019/10/30,134.0,147.0,79.0,28.0,4.0,7.0
2019/10/31,146.0,82.0,62.0,26.0,4.0,6.0
2019/11/1,125.0,107.0,82.0,20.0,5.0,9.0
2019/11/2,160.0,47.0,52.0,12.0,4.0,6.0
2019/11/3,96.0,48.0,47.0,11.0,4.0,7.0
2019/11/4,101.0,27.0,42.0,14.0,4.0,5.0
2019/11/5,67.0,28.0,35.0,19.0,3.0,5.0
2019/11/6,57.0,44.0,47.0,18.0,4.0,6.0
2019/11/7,102.0,27.0,37.0,13.0,3.0,4.0
2019/11/8,53.0,24.0,37.0,18.0,4.0,5.0
2019/11/9,50.0,51.0,58.0,28.0,4.0,6.0
2019/11/10,107.0,80.0,33.0,36.0,6.0,8.0
2019/11/11,124.0,68.0,31.0,29.0,4.0,6.0
2019/11/12,82.0,66.0,38.0,26.0,5.0,8.0
2019/11/13,127.0,72.0,31.0,16.0,4.0,5.0
2019/11/14,75.0,56.0,44.0,22.0,5.0,5.0
2019/11/15,72.0,42.0,51.0,23.0,5.0,6.0
2019/11/16,78.0,43.0,32.0,23.0,5.0,7.0
2019/11/17,86.0,83.0,27.0,13.0,4.0,7.0
2019/11/18,132.0,98.0,28.0,14.0,5.0,6.0
2019/11/19,103.0,68.0,31.0,21.0,3.0,5.0
2019/11/20,78.0,34.0,25.0,26.0,2.0,4.0
2019/11/21,56.0,45.0,20.0,32.0,4.0,6.0
2019/11/22,82.0,37.0,17.0,27.0,3.0,5.0
2019/11/23,72.0,36.0,28.0,20.0,3.0,6.0
2019/11/24,98.0,30.0,25.0,11.0,2.0,4.0
2019/11/25,57.0,25.0,20.0,20.0,3.0,4.0
2019/11/26,62.0,20.0,23.0,18.0,2.0,4.0
2019/11/27,64.0,33.0,23.0,15.0,3.0,5.0
2019/11/28,68.0,32.0,20.0,20.0,2.0,5.0
2019/11/29,71.0,25.0,17.0,28.0,2.0,5.0
2019/11/30,62.0,28.0,19.0,21.0,,7.0
2019/12/1,85.0,59.0,22.0,25.0,6.0,10.0
2019/12/2,143.0,69.0,26.0,39.0,7.0,10.0
2019/12/3,166.0,87.0,19.0,61.0,8.0,13.0
2019/12/4,180.0,58.0,29.0,30.0,5.0,7.0
2019/12/5,141.0,21.0,31.0,13.0,3.0,2.0
2019/12/6,58.0,39.0,32.0,28.0,5.0,6.0
2019/12/7,109.0,68.0,33.0,44.0,6.0,9.0
2019/12/8,162.0,77.0,28.0,55.0,5.0,8.0
2019/12/9,172.0,69.0,27.0,58.0,6.0,7.0
2019/12/10,163.0,92.0,36.0,47.0,7.0,12.0
2019/12/11,185.0,46.0,29.0,22.0,4.0,7.0
2019/12/12,102.0,50.0,31.0,29.0,4.0,8.0
2019/12/13,97.0,64.0,32.0,33.0,4.0,9.0
2019/12/14,141.0,31.0,26.0,20.0,3.0,6.0
2019/12/15,64.0,44.0,26.0,27.0,3.0,7.0
2019/12/16,97.0,66.0,8.0,29.0,4.0,11.0
2019/12/17,156.0,39.0,22.0,16.0,2.0,6.0
2019/12/18,97.0,32.0,16.0,20.0,3.0,7.0
2019/12/19,86.0,43.0,21.0,26.0,4.0,9.0
2019/12/20,119.0,32.0,25.0,26.0,3.0,7.0
2019/12/21,93.0,18.0,27.0,21.0,3.0,8.0
2019/12/22,65.0,34.0,27.0,23.0,2.0,9.0
2019/12/23,101.0,41.0,26.0,21.0,2.0,7.0
2019/12/24,104.0,30.0,16.0,30.0,2.0,6.0
2019/12/25,83.0,32.0,17.0,22.0,2.0,9.0
2019/12/26,96.0,59.0,20.0,28.0,4.0,10.0
2019/12/27,155.0,66.0,32.0,34.0,4.0,9.0
2019/12/28,146.0,37.0,19.0,30.0,3.0,6.0
2019/12/29,100.0,,,,,
2019/12/31,,23.0,24.0,19.0,3.0,3.0
2020/1/1,52.0,32.0,13.0,31.0,3.0,4.0
2020/1/2,72.0,43.0,13.0,28.0,3.0,5.0
2020/1/3,133.0,55.0,23.0,22.0,3.0,6.0
2020/1/4,137.0,45.0,24.0,24.0,3.0,5.0
2020/1/5,102.0,29.0,28.0,26.0,3.0,6.0
2020/1/6,78.0,33.0,11.0,29.0,3.0,11.0
2020/1/7,92.0,43.0,23.0,22.0,2.0,11.0
2020/1/8,119.0,36.0,22.0,21.0,3.0,8.0
2020/1/9,104.0,21.0,22.0,17.0,3.0,6.0
2020/1/10,64.0,29.0,25.0,18.0,2.0,7.0
2020/1/11,91.0,84.0,25.0,22.0,5.0,15.0
2020/1/12,181.0,97.0,26.0,30.0,5.0,14.0
2020/1/13,196.0,92.0,26.0,25.0,4.0,13.0
2020/1/14,190.0,41.0,28.0,22.0,1.0,5.0
2020/1/15,117.0,12.0,28.0,15.0,1.0,3.0
2020/1/16,50.0,39.0,24.0,19.0,3.0,7.0
2020/1/17,111.0,61.0,23.0,19.0,3.0,10.0
2020/1/18,158.0,69.0,28.0,25.0,3.0,11.0
2020/1/19,165.0,93.0,46.0,32.0,5.0,14.0
2020/1/20,192.0,81.0,47.0,23.0,3.0,9.0
2020/1/21,177.0,66.0,31.0,23.0,3.0,12.0
2020/1/22,162.0,33.0,28.0,12.0,2.0,7.0
2020/1/23,96.0,49.0,39.0,7.0,3.0,7.0
2020/1/24,121.0,17.0,28.0,6.0,2.0,6.0
2020/1/25,54.0,17.0,32.0,4.0,2.0,4.0
2020/1/26,58.0,23.0,33.0,5.0,2.0,6.0
2020/1/27,77.0,66.0,26.0,7.0,3.0,10.0
2020/1/28,164.0,59.0,42.0,6.0,5.0,8.0
2020/1/29,156.0,62.0,41.0,6.0,5.0,9.0
2020/1/30,158.0,47.0,38.0,10.0,5.0,9.0
2020/1/31,126.0,28.0,32.0,18.0,3.0,5.0
2020/2/1,81.0,33.0,40.0,10.0,4.0,5.0
2020/2/2,88.0,53.0,41.0,12.0,4.0,6.0
2020/2/3,160.0,18.0,36.0,9.0,3.0,4.0
2020/2/4,61.0,28.0,35.0,10.0,3.0,4.0
2020/2/5,77.0,19.0,32.0,5.0,,3.0
2020/2/6,57.0,21.0,32.0,5.0,3.0,4.0
2020/2/7,70.0,33.0,31.0,6.0,3.0,5.0
2020/2/8,98.0,62.0,39.0,10.0,3.0,7.0
2020/2/9,155.0,45.0,41.0,15.0,4.0,6.0
2020/2/10,119.0,25.0,35.0,8.0,2.0,4.0
2020/2/11,72.0,43.0,25.0,14.0,2.0,7.0
2020/2/12,105.0,51.0,27.0,10.0,2.0,6.0
2020/2/13,124.0,19.0,26.0,11.0,1.0,4.0
2020/2/14,55.0,12.0,22.0,7.0,1.0,5.0
2020/2/15,41.0,31.0,31.0,5.0,2.0,5.0
2020/2/16,78.0,23.0,34.0,5.0,2.0,4.0
2020/2/17,56.0,18.0,33.0,9.0,3.0,5.0
2020/2/18,61.0,16.0,42.0,9.0,2.0,2.0
2020/2/19,50.0,17.0,36.0,14.0,2.0,2.0
2020/2/20,54.0,27.0,36.0,13.0,2.0,3.0
2020/2/21,75.0,72.0,46.0,12.0,3.0,6.0
2020/2/22,147.0,47.0,43.0,9.0,2.0,3.0
2020/2/23,80.0,54.0,53.0,10.0,3.0,5.0
2020/2/24,101.0,51.0,34.0,16.0,2.0,7.0
2020/2/25,143.0,30.0,35.0,6.0,1.0,4.0
2020/2/26,75.0,39.0,37.0,8.0,2.0,4.0
2020/2/27,80.0,40.0,30.0,15.0,2.0,6.0
2020/2/28,90.0,30.0,24.0,15.0,1.0,6.0
2020/2/29,74.0,18.0,31.0,9.0,2.0,5.0
2020/3/1,53.0,28.0,38.0,7.0,2.0,7.0
2020/3/2,82.0,29.0,35.0,14.0,1.0,4.0
2020/3/3,71.0,33.0,39.0,10.0,1.0,5.0
2020/3/4,96.0,29.0,41.0,8.0,1.0,4.0
2020/3/5,80.0,30.0,49.0,11.0,1.0,4.0
2020/3/6,79.0,55.0,45.0,17.0,1.0,6.0
2020/3/7,139.0,24.0,44.0,9.0,,3.0
2020/3/8,71.0,12.0,37.0,15.0,2.0,4.0
2020/3/9,48.0,31.0,41.0,11.0,1.0,5.0
2020/3/10,92.0,59.0,50.0,22.0,1.0,7.0
2020/3/11,143.0,52.0,46.0,14.0,1.0,5.0
2020/3/12,131.0,30.0,36.0,14.0,1.0,4.0
2020/3/13,78.0,39.0,37.0,14.0,1.0,4.0
2020/3/14,69.0,58.0,46.0,26.0,2.0,6.0
2020/3/15,106.0,34.0,37.0,14.0,2.0,4.0
2020/3/16,52.0,48.0,57.0,22.0,3.0,4.0
2020/3/17,321.0,61.0,81.0,27.0,2.0,6.0
2020/3/18,275.0,56.0,38.0,17.0,3.0,5.0
2020/3/19,106.0,51.0,50.0,16.0,1.0,3.0
2020/3/20,61.0,57.0,59.0,22.0,4.0,6.0
2020/3/21,107.0,46.0,44.0,12.0,1.0,5.0
2020/3/22,118.0,25.0,39.0,13.0,1.0,3.0
2020/3/23,58.0,36.0,45.0,18.0,1.0,4.0
2020/3/24,85.0,35.0,53.0,14.0,2.0,4.0
2020/3/25,67.0,40.0,24.0,25.0,1.0,8.0
2020/3/26,107.0,34.0,35.0,8.0,1.0,5.0
2020/3/27,62.0,23.0,32.0,8.0,2.0,3.0
2020/3/28,43.0,32.0,31.0,10.0,1.0,3.0
2020/3/29,39.0,,,,,
2020/3/31,,39.0,52.0,13.0,3.0,5.0
2020/4/1,108.0,41.0,44.0,13.0,2.0,4.0
2020/4/2,68.0,46.0,46.0,19.0,3.0,4.0
2020/4/3,97.0,59.0,70.0,26.0,4.0,5.0
2020/4/4,136.0,38.0,47.0,8.0,2.0,2.0
2020/4/5,56.0,36.0,38.0,15.0,2.0,3.0
2020/4/6,65.0,42.0,37.0,28.0,3.0,4.0
2020/4/7,88.0,48.0,57.0,30.0,3.0,4.0
2020/4/8,93.0,50.0,52.0,21.0,3.0,4.0
2020/4/9,111.0,43.0,49.0,12.0,2.0,4.0
2020/4/10,86.0,31.0,40.0,10.0,2.0,4.0
2020/4/11,86.0,51.0,54.0,14.0,3.0,7.0
2020/4/12,136.0,64.0,62.0,22.0,5.0,8.0
2020/4/13,147.0,63.0,84.0,25.0,3.0,6.0
2020/4/14,157.0,57.0,66.0,25.0,4.0,6.0
2020/4/15,130.0,51.0,80.0,22.0,4.0,7.0
2020/4/16,116.0,69.0,41.0,37.0,4.0,9.0
2020/4/17,132.0,63.0,56.0,24.0,4.0,9.0
2020/4/18,123.0,38.0,47.0,13.0,2.0,8.0
2020/4/19,104.0,53.0,80.0,19.0,3.0,9.0
2020/4/20,144.0,36.0,41.0,15.0,1.0,5.0
2020/4/21,80.0,43.0,53.0,16.0,2.0,4.0
2020/4/22,82.0,46.0,49.0,14.0,2.0,4.0
2020/4/23,83.0,55.0,78.0,22.0,4.0,5.0
2020/4/24,113.0,55.0,75.0,28.0,4.0,4.0
2020/4/25,126.0,60.0,52.0,13.0,2.0,4.0
2020/4/26,105.0,35.0,44.0,14.0,2.0,3.0
2020/4/27,70.0,32.0,48.0,21.0,3.0,3.0
2020/4/28,77.0,34.0,73.0,11.0,2.0,4.0
2020/4/29,75.0,51.0,105.0,19.0,4.0,5.0
2020/4/30,111.0,53.0,,23.0,3.0,6.0
2020/5/1,116.0,38.0,,13.0,2.0,5.0
2020/5/2,98.0,60.0,,26.0,2.0,8.0
2020/5/3,137.0,41.0,,28.0,2.0,7.0
2020/5/4,137.0,31.0,,12.0,1.0,5.0
2020/5/5,92.0,30.0,,14.0,1.0,6.0
2020/5/6,84.0,36.0,,10.0,1.0,4.0
2020/5/7,87.0,26.0,,8.0,2.0,5.0
2020/5/8,64.0,41.0,,20.0,2.0,10.0
2020/5/9,125.0,59.0,,23.0,2.0,9.0
2020/5/10,153.0,60.0,,21.0,2.0,8.0
2020/5/11,147.0,53.0,,18.0,3.0,5.0
2020/5/12,79.0,64.0,,14.0,2.0,4.0
2020/5/13,69.0,61.0,,10.0,2.0,5.0
2020/5/14,75.0,40.0,,18.0,2.0,7.0
2020/5/15,98.0,,,33.0,2.0,10.0
2020/5/16,163.0,57.0,,18.0,3.0,8.0
2020/5/17,163.0,59.0,,20.0,3.0,7.0
2020/5/18,103.0,58.0,,20.0,3.0,7.0
2020/5/19,235.0,60.0,,18.0,4.0,6.0
2020/5/20,108.0,47.0,,10.0,2.0,5.0
2020/5/21,75.0,36.0,,10.0,1.0,5.0
2020/5/22,78.0,34.0,,10.0,2.0,5.0
2020/5/23,79.0,48.0,,12.0,2.0,7.0
2020/5/24,112.0,50.0,,16.0,2.0,8.0
2020/5/25,139.0,22.0,,10.0,1.0,6.0
2020/5/26,61.0,48.0,,20.0,2.0,7.0
2020/5/27,102.0,63.0,,23.0,2.0,8.0
2020/5/28,144.0,58.0,,21.0,2.0,7.0
2020/5/29,148.0,17.0,,11.0,1.0,5.0
2020/5/30,50.0,63.0,,22.0,2.0,9.0
2020/5/31,135.0,51.0,,18.0,2.0,8.0
2020/6/1,135.0,42.0,,16.0,2.0,6.0
2020/6/2,82.0,32.0,,23.0,1.0,8.0
2020/6/3,81.0,46.0,,25.0,2.0,9.0
2020/6/4,109.0,21.0,,16.0,1.0,7.0
2020/6/5,70.0,17.0,,9.0,1.0,6.0
2020/6/6,46.0,33.0,,10.0,2.0,6.0
2020/6/7,72.0,49.0,,9.0,1.0,6.0
2020/6/8,93.0,16.0,,10.0,1.0,6.0
2020/6/9,48.0,34.0,,20.0,1.0,8.0
2020/6/10,89.0,30.0,,18.0,1.0,9.0
2020/6/11,135.0,45.0,,15.0,1.0,7.0
2020/6/12,131.0,52.0,,19.0,2.0,6.0
2020/6/13,111.0,39.0,,18.0,1.0,6.0
2020/6/14,86.0,15.0,,21.0,,7.0
2020/6/15,104.0,31.0,56.0,15.0,,5.0
2020/6/16,102.0,42.0,55.0,14.0,1.0,5.0
2020/6/17,101.0,32.0,34.0,16.0,1.0,7.0
2020/6/18,77.0,28.0,64.0,9.0,1.0,6.0
2020/6/19,74.0,39.0,52.0,10.0,1.0,5.0
2020/6/20,102.0,13.0,36.0,9.0,1.0,4.0
2020/6/21,52.0,18.0,36.0,9.0,1.0,4.0
2020/6/22,61.0,24.0,42.0,11.0,1.0,5.0
2020/6/23,75.0,31.0,42.0,18.0,1.0,7.0
2020/6/24,91.0,39.0,37.0,16.0,1.0,7.0
2020/6/25,111.0,37.0,63.0,10.0,1.0,6.0
2020/6/26,84.0,30.0,28.0,15.0,1.0,6.0
2020/6/27,83.0,19.0,29.0,18.0,1.0,6.0
2020/6/28,70.0,29.0,36.0,12.0,1.0,6.0
2020/6/29,88.0,29.0,91.0,10.0,1.0,6.0
2020/6/30,77.0,24.0,58.0,9.0,1.0,5.0
2020/7/1,68.0,22.0,39.0,8.0,1.0,5.0
2020/7/2,61.0,18.0,39.0,8.0,2.0,7.0
2020/7/3,57.0,18.0,36.0,9.0,1.0,5.0
2020/7/4,57.0,26.0,32.0,14.0,1.0,6.0
2020/7/5,80.0,26.0,21.0,15.0,1.0,7.0
2020/7/6,76.0,32.0,66.0,13.0,1.0,7.0
2020/7/7,82.0,27.0,32.0,18.0,1.0,6.0
2020/7/8,75.0,20.0,23.0,17.0,1.0,5.0
2020/7/9,66.0,25.0,28.0,12.0,1.0,6.0
2020/7/10,73.0,32.0,23.0,16.0,1.0,6.0
2020/7/11,87.0,50.0,83.0,12.0,2.0,5.0
2020/7/12,115.0,37.0,26.0,19.0,2.0,7.0
2020/7/13,88.0,40.0,34.0,15.0,1.0,8.0
2020/7/14,104.0,18.0,37.0,13.0,1.0,6.0
2020/7/15,60.0,20.0,35.0,10.0,1.0,6.0
2020/7/16,58.0,21.0,23.0,15.0,1.0,6.0
2020/7/17,66.0,46.0,64.0,18.0,1.0,7.0
2020/7/18,111.0,47.0,57.0,14.0,1.0,5.0
2020/7/19,95.0,28.0,25.0,20.0,1.0,8.0
2020/7/20,89.0,55.0,80.0,18.0,1.0,7.0
2020/7/21,139.0,59.0,97.0,20.0,2.0,6.0
2020/7/22,126.0,38.0,72.0,14.0,2.0,4.0
2020/7/23,79.0,38.0,50.0,15.0,1.0,6.0
2020/7/24,93.0,62.0,115.0,16.0,2.0,6.0
2020/7/25,143.0,43.0,96.0,15.0,1.0,5.0
2020/7/26,122.0,42.0,50.0,13.0,1.0,5.0
2020/7/27,99.0,48.0,54.0,17.0,1.0,5.0
2020/7/28,107.0,26.0,50.0,10.0,1.0,3.0
2020/7/29,60.0,20.0,33.0,6.0,1.0,2.0
2020/7/30,44.0,26.0,22.0,7.0,1.0,2.0
2020/7/31,52.0,28.0,47.0,7.0,2.0,2.0
2020/8/1,57.0,30.0,47.0,8.0,2.0,1.0
2020/8/2,61.0,24.0,24.0,5.0,1.0,1.0
2020/8/3,47.0,23.0,22.0,4.0,1.0,2.0
2020/8/4,42.0,18.0,25.0,7.0,1.0,4.0
2020/8/5,39.0,32.0,57.0,10.0,1.0,4.0
2020/8/6,71.0,48.0,79.0,14.0,2.0,5.0
2020/8/7,95.0,36.0,60.0,10.0,2.0,3.0
2020/8/8,76.0,41.0,77.0,9.0,2.0,4.0
2020/8/9,89.0,37.0,57.0,12.0,2.0,4.0
2020/8/10,83.0,31.0,56.0,10.0,2.0,4.0
2020/8/11,68.0,33.0,59.0,12.0,2.0,4.0
2020/8/12,67.0,34.0,78.0,11.0,2.0,6.0
2020/8/13,76.0,41.0,87.0,13.0,2.0,6.0
2020/8/14,88.0,24.0,55.0,10.0,2.0,5.0
2020/8/15,60.0,31.0,77.0,8.0,2.0,5.0
2020/8/16,70.0,36.0,46.0,9.0,2.0,5.0
2020/8/17,86.0,43.0,45.0,7.0,2.0,5.0
2020/8/18,96.0,40.0,49.0,8.0,2.0,4.0
2020/8/19,87.0,37.0,48.0,10.0,2.0,4.0
2020/8/20,82.0,34.0,36.0,6.0,1.0,4.0
2020/8/21,78.0,33.0,27.0,8.0,1.0,5.0
2020/8/22,78.0,33.0,29.0,10.0,1.0,5.0
2020/8/23,77.0,22.0,31.0,9.0,1.0,5.0
2020/8/24,61.0,23.0,39.0,9.0,1.0,6.0
2020/8/25,54.0,28.0,28.0,11.0,1.0,7.0
2020/8/26,73.0,40.0,74.0,11.0,1.0,9.0
2020/8/27,98.0,20.0,33.0,11.0,1.0,7.0
2020/8/28,65.0,22.0,28.0,13.0,1.0,8.0
2020/8/29,67.0,35.0,31.0,9.0,1.0,8.0
2020/8/30,90.0,21.0,25.0,5.0,1.0,6.0
2020/8/31,60.0,25.0,28.0,6.0,1.0,5.0
2020/9/1,66.0,26.0,30.0,9.0,1.0,6.0
2020/9/2,69.0,55.0,103.0,14.0,3.0,9.0
2020/9/3,115.0,54.0,105.0,18.0,2.0,8.0
2020/9/4,118.0,35.0,72.0,12.0,2.0,6.0
2020/9/5,75.0,35.0,62.0,9.0,2.0,6.0
2020/9/6,77.0,72.0,125.0,21.0,4.0,10.0
2020/9/7,142.0,61.0,109.0,22.0,3.0,8.0
2020/9/8,123.0,42.0,101.0,17.0,2.0,6.0
2020/9/9,79.0,36.0,60.0,13.0,1.0,6.0
2020/9/10,83.0,27.0,38.0,18.0,1.0,6.0
2020/9/11,80.0,29.0,39.0,15.0,1.0,8.0
2020/9/12,76.0,27.0,49.0,14.0,2.0,7.0
2020/9/13,74.0,22.0,35.0,19.0,1.0,6.0
2020/9/14,68.0,24.0,22.0,22.0,2.0,7.0
2020/9/15,69.0,43.0,53.0,25.0,2.0,11.0
2020/9/16,122.0,28.0,42.0,17.0,1.0,8.0
2020/9/17,82.0,26.0,33.0,24.0,2.0,8.0
2020/9/18,78.0,63.0,29.0,34.0,2.0,11.0
2020/9/19,157.0,35.0,49.0,27.0,2.0,8.0
2020/9/20,95.0,32.0,40.0,22.0,2.0,6.0
2020/9/21,72.0,28.0,46.0,21.0,2.0,6.0
2020/9/22,59.0,24.0,29.0,25.0,2.0,7.0
2020/9/23,61.0,34.0,38.0,22.0,2.0,8.0
2020/9/24,77.0,28.0,40.0,18.0,2.0,7.0
2020/9/25,66.0,28.0,38.0,16.0,2.0,6.0
2020/9/26,59.0,25.0,38.0,13.0,2.0,6.0
2020/9/27,53.0,27.0,38.0,14.0,2.0,6.0
2020/9/28,49.0,26.0,36.0,15.0,2.0,6.0
2020/9/29,52.0,29.0,43.0,15.0,2.0,6.0
2020/9/30,65.0,41.0,64.0,12.0,2.0,6.0
2020/10/1,87.0,32.0,65.0,9.0,2.0,5.0
2020/10/2,79.0,23.0,33.0,13.0,2.0,4.0
2020/10/3,57.0,18.0,38.0,8.0,2.0,5.0
2020/10/4,43.0,31.0,35.0,10.0,2.0,4.0
2020/10/5,56.0,26.0,35.0,10.0,2.0,5.0
2020/10/6,52.0,23.0,38.0,8.0,2.0,3.0
2020/10/7,44.0,27.0,45.0,10.0,2.0,4.0
2020/10/8,51.0,28.0,43.0,13.0,2.0,4.0
2020/10/9,52.0,29.0,45.0,14.0,2.0,4.0
2020/10/10,64.0,32.0,46.0,15.0,3.0,4.0
2020/10/11,72.0,31.0,44.0,13.0,2.0,4.0
2020/10/12,64.0,39.0,41.0,14.0,2.0,4.0
2020/10/13,85.0,34.0,46.0,13.0,2.0,4.0
2020/10/14,48.0,32.0,37.0,11.0,2.0,4.0
2020/10/15,52.0,19.0,28.0,18.0,2.0,5.0
2020/10/16,56.0,35.0,42.0,18.0,3.0,6.0
2020/10/17,87.0,29.0,44.0,15.0,2.0,5.0
2020/10/18,73.0,24.0,41.0,14.0,2.0,4.0
2020/10/19,56.0,33.0,54.0,19.0,2.0,5.0
2020/10/20,70.0,43.0,27.0,39.0,2.0,7.0
2020/10/21,109.0,72.0,48.0,28.0,5.0,10.0
2020/10/22,146.0,85.0,40.0,18.0,3.0,4.0
2020/10/23,80.0,37.0,37.0,17.0,4.0,5.0
2020/10/24,66.0,32.0,41.0,20.0,2.0,4.0
2020/10/25,58.0,30.0,36.0,20.0,3.0,4.0
2020/10/26,62.0,26.0,38.0,17.0,2.0,5.0
2020/10/27,71.0,36.0,39.0,17.0,1.0,5.0
2020/10/28,75.0,37.0,34.0,13.0,2.0,5.0
2020/10/29,64.0,31.0,38.0,14.0,2.0,4.0
2020/10/30,56.0,36.0,38.0,23.0,2.0,6.0
2020/10/31,61.0,51.0,36.0,28.0,2.0,7.0
2020/11/1,103.0,70.0,52.0,17.0,1.0,8.0
2020/11/2,146.0,58.0,34.0,14.0,2.0,6.0
2020/11/3,81.0,31.0,31.0,12.0,2.0,4.0
2020/11/4,47.0,29.0,32.0,16.0,1.0,4.0
2020/11/5,48.0,43.0,40.0,29.0,3.0,7.0
2020/11/6,95.0,76.0,61.0,48.0,5.0,14.0
2020/11/7,167.0,86.0,44.0,19.0,4.0,6.0
2020/11/8,132.0,60.0,37.0,14.0,2.0,4.0
2020/11/9,63.0,39.0,39.0,20.0,3.0,5.0
2020/11/10,69.0,31.0,38.0,25.0,2.0,5.0
2020/11/11,59.0,24.0,39.0,20.0,2.0,5.0
2020/11/12,56.0,26.0,40.0,20.0,2.0,4.0
2020/11/13,62.0,38.0,48.0,18.0,2.0,5.0
2020/11/14,79.0,43.0,39.0,28.0,2.0,6.0
2020/11/15,94.0,34.0,32.0,20.0,2.0,5.0
2020/11/16,72.0,26.0,26.0,14.0,2.0,5.0
2020/11/17,54.0,34.0,30.0,12.0,3.0,4.0
2020/11/18,50.0,42.0,26.0,22.0,3.0,11.0
2020/11/19,102.0,39.0,27.0,13.0,2.0,7.0
2020/11/20,102.0,32.0,24.0,14.0,1.0,4.0
2020/11/21,49.0,16.0,23.0,13.0,1.0,5.0
2020/11/22,51.0,30.0,22.0,12.0,2.0,5.0
2020/11/23,73.0,17.0,20.0,16.0,1.0,4.0
2020/11/24,61.0,15.0,18.0,20.0,1.0,5.0
2020/11/25,53.0,14.0,14.0,23.0,1.0,8.0
2020/11/26,54.0,26.0,23.0,14.0,2.0,6.0
2020/11/27,77.0,34.0,25.0,11.0,2.0,5.0
2020/11/28,78.0,33.0,28.0,14.0,3.0,5.0
2020/11/29,87.0,53.0,33.0,15.0,3.0,7.0
2020/11/30,144.0,33.0,28.0,14.0,2.0,5.0
2020/12/1,82.0,25.0,21.0,17.0,2.0,5.0
2020/12/2,57.0,51.0,26.0,16.0,2.0,8.0
2020/12/3,133.0,37.0,24.0,19.0,2.0,7.0
2020/12/4,92.0,34.0,23.0,25.0,2.0,6.0
2020/12/5,85.0,31.0,25.0,30.0,1.0,5.0
2020/12/6,83.0,38.0,26.0,23.0,1.0,5.0
2020/12/7,107.0,54.0,30.0,17.0,2.0,7.0
2020/12/8,132.0,27.0,24.0,25.0,1.0,5.0
2020/12/9,69.0,57.0,9.0,36.0,2.0,9.0
2020/12/10,136.0,72.0,4.0,32.0,1.0,11.0
2020/12/11,169.0,107.0,31.0,38.0,4.0,14.0
2020/12/12,210.0,98.0,39.0,37.0,3.0,12.0
2020/12/13,192.0,21.0,21.0,11.0,,7.0
2020/12/14,60.0,28.0,23.0,14.0,1.0,7.0
2020/12/15,75.0,50.0,22.0,18.0,4.0,10.0
2020/12/16,126.0,41.0,26.0,20.0,2.0,9.0
2020/12/17,111.0,45.0,22.0,20.0,2.0,9.0
2020/12/18,126.0,42.0,28.0,17.0,2.0,9.0
2020/12/19,107.0,25.0,26.0,18.0,2.0,6.0
2020/12/20,65.0,41.0,25.0,34.0,4.0,8.0
2020/12/21,115.0,56.0,21.0,48.0,4.0,7.0
2020/12/22,154.0,48.0,18.0,42.0,2.0,6.0
2020/12/23,129.0,81.0,35.0,37.0,4.0,11.0
2020/12/24,159.0,63.0,30.0,26.0,2.0,5.0
2020/12/25,99.0,36.0,19.0,28.0,1.0,4.0
2020/12/26,61.0,54.0,14.0,39.0,4.0,11.0
2020/12/27,131.0,71.0,30.0,35.0,3.0,11.0
2020/12/28,157.0,22.0,20.0,30.0,1.0,6.0
2020/12/29,62.0,41.0,22.0,9.0,3.0,6.0
2020/12/30,66.0,55.0,19.0,18.0,3.0,9.0
2020/12/31,100.0,47.0,19.0,27.0,4.0,10.0
2021/1/1,113.0,52.0,23.0,31.0,4.0,10.0
2021/1/2,138.0,50.0,24.0,26.0,1.0,7.0
2021/1/3,116.0,39.0,21.0,24.0,1.0,5.0
2021/1/4,76.0,43.0,28.0,13.0,1.0,6.0
2021/1/5,98.0,41.0,23.0,15.0,2.0,7.0
2021/1/6,101.0,60.0,20.0,9.0,2.0,7.0
2021/1/7,81.0,46.0,19.0,13.0,3.0,9.0
2021/1/8,80.0,57.0,20.0,24.0,4.0,10.0
2021/1/9,111.0,63.0,17.0,34.0,6.0,13.0
2021/1/10,149.0,61.0,18.0,31.0,5.0,10.0
2021/1/11,142.0,96.0,24.0,32.0,3.0,8.0
2021/1/12,117.0,79.0,18.0,43.0,4.0,8.0
2021/1/13,133.0,72.0,38.0,50.0,3.0,10.0
2021/1/14,143.0,65.0,28.0,32.0,3.0,9.0
2021/1/15,127.0,64.0,27.0,8.0,1.0,5.0
2021/1/16,91.0,62.0,25.0,17.0,4.0,7.0
2021/1/17,112.0,78.0,21.0,36.0,4.0,9.0
2021/1/18,155.0,59.0,32.0,29.0,3.0,7.0
2021/1/19,116.0,32.0,26.0,21.0,1.0,6.0
2021/1/20,59.0,43.0,14.0,33.0,4.0,8.0
2021/1/21,97.0,34.0,25.0,21.0,1.0,8.0
2021/1/22,111.0,47.0,32.0,18.0,1.0,8.0
2021/1/23,128.0,58.0,22.0,24.0,2.0,8.0
2021/1/24,148.0,27.0,26.0,23.0,1.0,5.0
2021/1/25,69.0,28.0,24.0,26.0,1.0,12.0
2021/1/26,90.0,48.0,37.0,14.0,2.0,9.0
2021/1/27,132.0,70.0,28.0,18.0,2.0,9.0
2021/1/28,146.0,59.0,24.0,12.0,2.0,6.0
2021/1/29,58.0,54.0,38.0,18.0,6.0,6.0
2021/1/30,82.0,31.0,23.0,25.0,4.0,7.0
2021/1/31,77.0,50.0,9.0,35.0,2.0,12.0
2021/2/1,145.0,63.0,28.0,15.0,2.0,8.0
2021/2/2,105.0,60.0,24.0,18.0,6.0,7.0
2021/2/3,82.0,60.0,38.0,20.0,3.0,8.0
2021/2/4,134.0,39.0,30.0,23.0,2.0,7.0
2021/2/5,100.0,55.0,38.0,21.0,8.0,9.0
2021/2/6,148.0,65.0,43.0,34.0,4.0,10.0
2021/2/7,161.0,31.0,34.0,8.0,2.0,3.0
2021/2/8,69.0,18.0,30.0,10.0,2.0,2.0
2021/2/9,51.0,22.0,25.0,15.0,2.0,2.0
2021/2/10,62.0,17.0,28.0,15.0,2.0,3.0
2021/2/11,61.0,25.0,41.0,11.0,2.0,3.0
2021/2/12,70.0,32.0,41.0,14.0,2.0,4.0
2021/2/13,85.0,38.0,36.0,14.0,2.0,5.0
2021/2/14,107.0,44.0,32.0,7.0,2.0,6.0
2021/2/15,115.0,34.0,36.0,10.0,3.0,4.0
2021/2/16,86.0,34.0,34.0,7.0,2.0,4.0
2021/2/17,72.0,29.0,34.0,11.0,3.0,5.0
2021/2/18,73.0,39.0,44.0,22.0,6.0,7.0
2021/2/19,111.0,40.0,44.0,20.0,3.0,6.0
2021/2/20,98.0,37.0,49.0,21.0,5.0,5.0
2021/2/21,91.0,55.0,21.0,25.0,4.0,8.0
2021/2/22,122.0,35.0,36.0,8.0,2.0,4.0
2021/2/23,59.0,32.0,34.0,10.0,2.0,4.0
2021/2/24,51.0,41.0,32.0,17.0,2.0,6.0
2021/2/25,85.0,22.0,33.0,11.0,2.0,6.0
2021/2/26,64.0,27.0,29.0,10.0,2.0,5.0
2021/2/27,61.0,23.0,25.0,17.0,2.0,6.0
2021/2/28,65.0,31.0,22.0,21.0,2.0,7.0
2021/3/1,92.0,42.0,30.0,12.0,2.0,6.0
2021/3/2,85.0,43.0,32.0,14.0,2.0,5.0
2021/3/3,62.0,38.0,25.0,23.0,2.0,8.0
2021/3/4,105.0,34.0,24.0,22.0,2.0,7.0
2021/3/5,105.0,35.0,31.0,13.0,2.0,5.0
2021/3/6,85.0,25.0,30.0,13.0,2.0,5.0
2021/3/7,68.0,37.0,33.0,16.0,2.0,5.0
2021/3/8,89.0,32.0,25.0,22.0,2.0,5.0
2021/3/9,84.0,39.0,43.0,21.0,2.0,5.0
2021/3/10,111.0,40.0,24.0,24.0,2.0,7.0
2021/3/11,122.0,46.0,33.0,19.0,2.0,8.0
2021/3/12,134.0,52.0,14.0,29.0,3.0,8.0
2021/3/13,151.0,47.0,47.0,19.0,2.0,6.0
2021/3/14,142.0,52.0,40.0,27.0,4.0,7.0
2021/3/15,118.0,60.0,39.0,21.0,2.0,7.0
2021/3/16,111.0,68.0,31.0,20.0,2.0,5.0
2021/3/17,76.0,61.0,28.0,22.0,2.0,5.0
2021/3/18,74.0,40.0,24.0,27.0,2.0,6.0
2021/3/19,79.0,31.0,35.0,20.0,2.0,7.0
2021/3/20,97.0,72.0,34.0,15.0,3.0,8.0
2021/3/21,135.0,56.0,37.0,22.0,2.0,6.0
2021/3/22,93.0,59.0,56.0,26.0,3.0,7.0
2021/3/23,138.0,36.0,32.0,26.0,3.0,6.0
2021/3/24,76.0,58.0,64.0,31.0,2.0,8.0
2021/3/25,111.0,43.0,39.0,19.0,1.0,5.0
2021/3/26,90.0,32.0,25.0,18.0,1.0,7.0
2021/3/27,87.0,79.0,54.0,22.0,2.0,9.0
2021/3/28,152.0,64.0,66.0,21.0,2.0,8.0
2021/3/29,141.0,254.0,42.0,14.0,1.0,6.0
2021/3/30,149.0,110.0,30.0,18.0,1.0,6.0
2021/3/31,124.0,35.0,27.0,19.0,,7.0
2021/4/1,96.0,52.0,19.0,25.0,1.0,13.0
2021/4/2,134.0,48.0,28.0,20.0,1.0,10.0
2021/4/3,129.0,36.0,43.0,9.0,1.0,5.0
2021/4/4,69.0,33.0,44.0,12.0,2.0,4.0
2021/4/5,66.0,32.0,38.0,16.0,1.0,4.0
2021/4/6,65.0,31.0,41.0,20.0,1.0,4.0
2021/4/7,80.0,39.0,60.0,16.0,2.0,5.0
2021/4/8,100.0,37.0,43.0,15.0,1.0,5.0
2021/4/9,78.0,40.0,46.0,15.0,1.0,4.0
2021/4/10,77.0,24.0,36.0,18.0,1.0,4.0
2021/4/11,59.0,27.0,27.0,21.0,1.0,7.0
2021/4/12,82.0,51.0,44.0,19.0,1.0,8.0
2021/4/13,129.0,28.0,37.0,14.0,1.0,4.0
2021/4/14,55.0,35.0,34.0,17.0,1.0,4.0
2021/4/15,52.0,55.0,68.0,25.0,2.0,7.0
2021/4/16,133.0,99.0,39.0,23.0,2.0,8.0
2021/4/17,139.0,52.0,43.0,16.0,1.0,4.0
2021/4/18,60.0,45.0,64.0,17.0,2.0,4.0
2021/4/19,66.0,39.0,53.0,15.0,1.0,4.0
2021/4/20,60.0,45.0,48.0,12.0,1.0,4.0
2021/4/21,69.0,46.0,40.0,15.0,1.0,5.0
2021/4/22,72.0,59.0,33.0,23.0,1.0,10.0
2021/4/23,146.0,36.0,19.0,20.0,1.0,6.0
2021/4/24,94.0,43.0,31.0,18.0,1.0,4.0
2021/4/25,84.0,34.0,48.0,14.0,1.0,3.0
2021/4/26,68.0,40.0,29.0,25.0,2.0,5.0
2021/4/27,96.0,55.0,61.0,21.0,2.0,7.0
2021/4/28,139.0,72.0,69.0,24.0,2.0,6.0
2021/4/29,132.0,71.0,73.0,22.0,2.0,5.0
2021/4/30,105.0,46.0,51.0,13.0,1.0,6.0
2021/5/1,82.0,36.0,44.0,11.0,1.0,4.0
2021/5/2,69.0,45.0,63.0,9.0,1.0,4.0
2021/5/3,70.0,25.0,39.0,10.0,1.0,6.0
2021/5/4,71.0,61.0,88.0,15.0,2.0,9.0
2021/5/5,139.0,59.0,69.0,15.0,2.0,5.0
2021/5/6,74.0,144.0,71.0,19.0,2.0,6.0
2021/5/7,145.0,132.0,76.0,20.0,2.0,7.0
2021/5/8,150.0,65.0,93.0,26.0,2.0,8.0
2021/5/9,135.0,39.0,80.0,17.0,2.0,6.0
2021/5/10,68.0,42.0,30.0,26.0,1.0,9.0
2021/5/11,120.0,22.0,35.0,14.0,,6.0
2021/5/12,73.0,23.0,33.0,12.0,1.0,6.0
2021/5/13,73.0,32.0,38.0,16.0,1.0,7.0
2021/5/14,92.0,40.0,62.0,18.0,2.0,7.0
2021/5/15,95.0,23.0,42.0,15.0,1.0,7.0
2021/5/16,67.0,36.0,61.0,14.0,1.0,9.0
2021/5/17,103.0,31.0,40.0,21.0,1.0,7.0
2021/5/18,85.0,17.0,46.0,12.0,,6.0
2021/5/19,51.0,30.0,35.0,17.0,1.0,8.0
2021/5/20,90.0,33.0,58.0,18.0,1.0,7.0
2021/5/21,92.0,25.0,60.0,12.0,,5.0
2021/5/22,66.0,15.0,42.0,12.0,,4.0
2021/5/23,52.0,33.0,88.0,15.0,1.0,6.0
2021/5/24,80.0,71.0,105.0,19.0,2.0,7.0
2021/5/25,146.0,31.0,46.0,22.0,1.0,6.0
2021/5/26,88.0,42.0,64.0,18.0,1.0,8.0
2021/5/27,106.0,47.0,49.0,18.0,1.0,7.0
2021/5/28,91.0,52.0,85.0,16.0,2.0,5.0
2021/5/29,83.0,49.0,88.0,17.0,1.0,6.0
2021/5/30,103.0,35.0,62.0,13.0,1.0,4.0
2021/5/31,65.0,30.0,42.0,9.0,1.0,4.0
2021/6/1,60.0,22.0,38.0,9.0,1.0,5.0
2021/6/2,49.0,47.0,44.0,17.0,1.0,7.0
2021/6/3,120.0,38.0,71.0,13.0,1.0,6.0
2021/6/4,110.0,42.0,91.0,16.0,2.0,5.0
2021/6/5,91.0,45.0,111.0,18.0,2.0,5.0
2021/6/6,86.0,29.0,50.0,15.0,2.0,4.0
2021/6/7,50.0,18.0,43.0,11.0,1.0,4.0
2021/6/8,46.0,22.0,23.0,12.0,,4.0
2021/6/9,62.0,17.0,24.0,13.0,,5.0
2021/6/10,53.0,28.0,51.0,16.0,,6.0
2021/6/11,91.0,25.0,37.0,12.0,1.0,4.0
2021/6/12,72.0,33.0,30.0,17.0,1.0,6.0
2021/6/13,104.0,43.0,24.0,15.0,,6.0
2021/6/14,120.0,39.0,36.0,14.0,1.0,6.0
2021/6/15,103.0,24.0,25.0,10.0,,6.0
2021/6/16,61.0,22.0,23.0,13.0,1.0,4.0
2021/6/17,67.0,42.0,30.0,17.0,,6.0
2021/6/18,118.0,17.0,34.0,17.0,1.0,4.0
2021/6/19,56.0,29.0,49.0,18.0,1.0,5.0
2021/6/20,80.0,42.0,70.0,13.0,1.0,4.0
2021/6/21,103.0,38.0,51.0,14.0,1.0,4.0
2021/6/22,85.0,42.0,63.0,21.0,1.0,4.0
2021/6/23,82.0,44.0,68.0,16.0,2.0,4.0
2021/6/24,85.0,32.0,47.0,8.0,1.0,4.0
2021/6/25,70.0,15.0,29.0,9.0,1.0,4.0
2021/6/26,47.0,18.0,27.0,12.0,1.0,4.0
2021/6/27,61.0,15.0,32.0,8.0,1.0,3.0
2021/6/28,51.0,20.0,38.0,9.0,,3.0
2021/6/29,54.0,21.0,34.0,9.0,,3.0
2021/6/30,58.0,23.0,38.0,8.0,,3.0
2021/7/1,66.0,24.0,22.0,13.0,,4.0
2021/7/2,72.0,32.0,36.0,13.0,1.0,5.0
2021/7/3,86.0,36.0,29.0,14.0,1.0,7.0
2021/7/4,100.0,38.0,77.0,12.0,1.0,4.0
2021/7/5,79.0,25.0,46.0,9.0,1.0,3.0
2021/7/6,49.0,30.0,69.0,9.0,1.0,4.0
2021/7/7,72.0,30.0,41.0,17.0,1.0,5.0
2021/7/8,73.0,25.0,59.0,13.0,1.0,4.0
2021/7/9,64.0,21.0,65.0,13.0,1.0,5.0
2021/7/10,56.0,48.0,96.0,16.0,1.0,6.0
2021/7/11,105.0,45.0,93.0,12.0,2.0,5.0
2021/7/12,96.0,45.0,79.0,11.0,2.0,4.0
2021/7/13,86.0,32.0,74.0,9.0,2.0,3.0
2021/7/14,66.0,24.0,50.0,8.0,1.0,3.0
2021/7/15,49.0,20.0,33.0,8.0,1.0,3.0
2021/7/16,37.0,25.0,32.0,8.0,1.0,3.0
2021/7/17,44.0,26.0,42.0,7.0,1.0,2.0
2021/7/18,64.0,20.0,30.0,6.0,1.0,4.0
2021/7/19,56.0,27.0,20.0,5.0,1.0,3.0
2021/7/20,60.0,23.0,28.0,4.0,1.0,4.0
2021/7/21,43.0,27.0,28.0,3.0,1.0,4.0
2021/7/22,49.0,27.0,24.0,3.0,1.0,4.0
2021/7/23,45.0,21.0,17.0,1.0,1.0,4.0
2021/7/24,40.0,9.0,30.0,,1.0,4.0
2021/7/25,24.0,7.0,26.0,2.0,1.0,5.0
2021/7/26,16.0,13.0,26.0,4.0,1.0,5.0
2021/7/27,41.0,21.0,28.0,5.0,1.0,5.0
2021/7/28,49.0,27.0,51.0,10.0,1.0,6.0
2021/7/29,71.0,36.0,101.0,14.0,2.0,7.0
2021/7/30,89.0,39.0,45.0,10.0,1.0,7.0
2021/7/31,107.0,26.0,38.0,11.0,1.0,7.0
2021/8/1,76.0,16.0,24.0,6.0,1.0,4.0
2021/8/2,53.0,18.0,20.0,6.0,1.0,4.0
2021/8/3,44.0,23.0,22.0,4.0,1.0,4.0
2021/8/4,40.0,22.0,16.0,4.0,1.0,3.0
2021/8/5,37.0,24.0,17.0,5.0,1.0,3.0
2021/8/6,49.0,19.0,28.0,6.0,1.0,3.0
2021/8/7,55.0,21.0,43.0,6.0,1.0,5.0
2021/8/8,52.0,40.0,84.0,11.0,2.0,5.0
2021/8/9,82.0,29.0,47.0,9.0,1.0,5.0
2021/8/10,74.0,22.0,26.0,14.0,1.0,7.0
2021/8/11,59.0,18.0,34.0,10.0,1.0,7.0
2021/8/12,56.0,11.0,34.0,7.0,1.0,6.0
2021/8/13,36.0,15.0,40.0,10.0,1.0,5.0
2021/8/14,43.0,12.0,34.0,12.0,1.0,5.0
2021/8/15,41.0,18.0,27.0,12.0,1.0,5.0
2021/8/16,55.0,19.0,35.0,13.0,1.0,4.0
2021/8/17,57.0,27.0,57.0,12.0,1.0,4.0
2021/8/18,69.0,30.0,70.0,11.0,1.0,3.0
2021/8/19,78.0,30.0,65.0,10.0,1.0,3.0
2021/8/20,74.0,39.0,59.0,13.0,2.0,6.0
2021/8/21,93.0,30.0,56.0,10.0,1.0,5.0
2021/8/22,85.0,29.0,69.0,9.0,2.0,4.0
2021/8/23,66.0,46.0,58.0,14.0,1.0,6.0
2021/8/24,114.0,43.0,80.0,14.0,1.0,10.0
2021/8/25,107.0,49.0,79.0,16.0,1.0,7.0
2021/8/26,116.0,35.0,67.0,11.0,1.0,8.0
2021/8/27,79.0,45.0,84.0,13.0,2.0,8.0
2021/8/28,108.0,32.0,48.0,10.0,1.0,5.0
2021/8/29,69.0,26.0,47.0,8.0,2.0,4.0
2021/8/30,51.0,26.0,51.0,8.0,1.0,4.0
2021/8/31,51.0,44.0,101.0,12.0,2.0,6.0
2021/9/1,97.0,41.0,51.0,15.0,1.0,7.0
2021/9/2,99.0,24.0,35.0,12.0,2.0,7.0
2021/9/3,69.0,19.0,38.0,9.0,1.0,5.0
2021/9/4,48.0,29.0,46.0,9.0,1.0,5.0
2021/9/5,70.0,51.0,84.0,14.0,2.0,11.0
2021/9/6,128.0,35.0,51.0,10.0,1.0,7.0
2021/9/7,95.0,20.0,41.0,9.0,2.0,4.0
2021/9/8,47.0,25.0,46.0,9.0,1.0,5.0
2021/9/9,51.0,24.0,37.0,11.0,1.0,5.0
2021/9/10,58.0,15.0,21.0,10.0,1.0,5.0
2021/9/11,38.0,11.0,20.0,7.0,1.0,4.0
2021/9/12,24.0,7.0,14.0,2.0,1.0,4.0
2021/9/13,14.0,15.0,39.0,3.0,1.0,4.0
2021/9/14,35.0,23.0,35.0,7.0,1.0,6.0
2021/9/15,53.0,25.0,35.0,8.0,1.0,6.0
2021/9/16,52.0,32.0,51.0,12.0,1.0,5.0
2021/9/17,66.0,31.0,46.0,13.0,1.0,5.0
2021/9/18,63.0,41.0,72.0,8.0,2.0,5.0
2021/9/19,86.0,37.0,64.0,10.0,1.0,6.0
2021/9/20,86.0,36.0,79.0,10.0,2.0,7.0
2021/9/21,91.0,49.0,82.0,16.0,2.0,6.0
2021/9/22,103.0,50.0,70.0,18.0,2.0,5.0
2021/9/23,92.0,35.0,62.0,10.0,2.0,4.0
2021/9/24,80.0,24.0,48.0,8.0,2.0,4.0
2021/9/25,45.0,29.0,49.0,8.0,2.0,4.0
2021/9/26,55.0,45.0,65.0,10.0,2.0,4.0
2021/9/27,87.0,43.0,89.0,12.0,2.0,5.0
2021/9/28,92.0,34.0,85.0,14.0,2.0,5.0
2021/9/29,80.0,15.0,44.0,11.0,2.0,4.0
2021/9/30,42.0,26.0,79.0,15.0,2.0,4.0
2021/10/1,51.0,35.0,87.0,13.0,1.0,4.0
2021/10/2,64.0,35.0,57.0,7.0,1.0,4.0
2021/10/3,56.0,34.0,45.0,6.0,1.0,4.0
2021/10/4,55.0,35.0,51.0,7.0,1.0,3.0
2021/10/5,48.0,31.0,33.0,7.0,1.0,4.0
2021/10/6,47.0,15.0,24.0,9.0,1.0,4.0
2021/10/7,37.0,26.0,31.0,9.0,1.0,4.0
2021/10/8,45.0,31.0,27.0,11.0,1.0,4.0
2021/10/9,40.0,26.0,25.0,10.0,1.0,4.0
2021/10/10,47.0,13.0,30.0,6.0,1.0,4.0
2021/10/11,26.0,28.0,35.0,6.0,1.0,4.0
2021/10/12,36.0,15.0,20.0,12.0,1.0,5.0
2021/10/13,42.0,26.0,19.0,12.0,1.0,5.0
2021/10/14,55.0,25.0,34.0,13.0,1.0,5.0
2021/10/15,61.0,16.0,33.0,5.0,1.0,4.0
2021/10/16,31.0,24.0,29.0,4.0,1.0,4.0
2021/10/17,31.0,27.0,21.0,15.0,1.0,4.0
2021/10/18,38.0,47.0,34.0,21.0,2.0,7.0
2021/10/19,94.0,18.0,31.0,10.0,1.0,4.0
2021/10/20,46.0,28.0,24.0,16.0,1.0,6.0
2021/10/21,76.0,56.0,41.0,17.0,2.0,6.0
2021/10/22,147.0,33.0,41.0,18.0,1.0,5.0
2021/10/23,78.0,21.0,40.0,15.0,1.0,4.0
2021/10/24,52.0,26.0,41.0,18.0,1.0,5.0
2021/10/25,69.0,30.0,41.0,26.0,1.0,5.0
2021/10/26,75.0,43.0,51.0,26.0,2.0,7.0
2021/10/27,115.0,31.0,38.0,14.0,1.0,5.0
2021/10/28,70.0,32.0,43.0,16.0,2.0,5.0
2021/10/29,65.0,34.0,46.0,16.0,2.0,5.0
2021/10/30,71.0,24.0,38.0,16.0,1.0,5.0
2021/10/31,65.0,54.0,61.0,17.0,2.0,7.0
2021/11/1,129.0,48.0,39.0,13.0,2.0,6.0
2021/11/2,107.0,45.0,35.0,21.0,2.0,5.0
2021/11/3,77.0,47.0,42.0,20.0,2.0,6.0
2021/11/4,85.0,19.0,39.0,11.0,1.0,7.0
2021/11/5,62.0,19.0,36.0,10.0,1.0,6.0
2021/11/6,47.0,24.0,33.0,9.0,1.0,5.0
2021/11/7,47.0,30.0,25.0,9.0,2.0,6.0
2021/11/8,65.0,45.0,26.0,16.0,3.0,7.0
2021/11/9,81.0,51.0,27.0,21.0,2.0,6.0
2021/11/10,81.0,56.0,26.0,28.0,3.0,8.0
2021/11/11,97.0,50.0,25.0,30.0,3.0,8.0
2021/11/12,104.0,63.0,29.0,35.0,3.0,9.0
2021/11/13,134.0,65.0,38.0,32.0,3.0,10.0
2021/11/14,137.0,70.0,56.0,36.0,4.0,11.0
2021/11/15,145.0,57.0,46.0,30.0,2.0,8.0
2021/11/16,119.0,54.0,39.0,24.0,2.0,8.0
2021/11/17,120.0,27.0,30.0,19.0,2.0,6.0
2021/11/18,74.0,42.0,40.0,18.0,2.0,6.0
2021/11/19,84.0,46.0,41.0,15.0,2.0,6.0
2021/11/20,82.0,44.0,29.0,18.0,2.0,7.0
2021/11/21,96.0,65.0,20.0,10.0,2.0,8.0
2021/11/22,105.0,62.0,18.0,18.0,3.0,9.0
2021/11/23,81.0,62.0,19.0,31.0,3.0,9.0
2021/11/24,108.0,67.0,19.0,35.0,3.0,11.0
2021/11/25,121.0,80.0,40.0,33.0,4.0,16.0
2021/11/26,158.0,40.0,38.0,16.0,2.0,6.0
2021/11/27,73.0,26.0,29.0,15.0,2.0,6.0
2021/11/28,46.0,29.0,18.0,21.0,2.0,7.0
2021/11/29,61.0,51.0,23.0,14.0,2.0,5.0
2021/11/30,122.0,34.0,21.0,13.0,2.0,4.0
2021/12/1,75.0,38.0,20.0,25.0,3.0,5.0
2021/12/2,91.0,63.0,21.0,34.0,4.0,7.0
2021/12/3,133.0,59.0,20.0,34.0,3.0,8.0
2021/12/4,129.0,36.0,31.0,26.0,2.0,4.0
2021/12/5,71.0,32.0,28.0,23.0,2.0,4.0
2021/12/6,78.0,49.0,48.0,27.0,2.0,6.0
2021/12/7,133.0,46.0,35.0,16.0,2.0,5.0
2021/12/8,108.0,55.0,24.0,37.0,2.0,7.0
2021/12/9,115.0,83.0,42.0,35.0,3.0,11.0
2021/12/10,178.0,64.0,40.0,24.0,2.0,7.0
2021/12/11,152.0,52.0,35.0,16.0,2.0,7.0
2021/12/12,129.0,36.0,25.0,17.0,2.0,6.0
2021/12/13,77.0,50.0,12.0,32.0,2.0,7.0
2021/12/14,114.0,54.0,17.0,36.0,3.0,11.0
2021/12/15,142.0,39.0,24.0,24.0,2.0,8.0
2021/12/16,115.0,72.0,26.0,14.0,2.0,6.0
2021/12/17,117.0,47.0,21.0,21.0,2.0,5.0
2021/12/18,84.0,62.0,18.0,34.0,3.0,8.0
2021/12/19,137.0,57.0,27.0,42.0,3.0,8.0
2021/12/20,137.0,81.0,7.0,59.0,4.0,12.0
2021/12/21,165.0,69.0,37.0,38.0,3.0,10.0
2021/12/22,163.0,28.0,30.0,27.0,2.0,5.0
2021/12/23,65.0,30.0,29.0,20.0,2.0,7.0
2021/12/24,70.0,19.0,27.0,6.0,2.0,9.0
2021/12/25,59.0,29.0,22.0,12.0,2.0,10.0
2021/12/26,79.0,37.0,16.0,23.0,3.0,11.0
2021/12/27,98.0,56.0,5.0,45.0,4.0,14.0
2021/12/28,139.0,67.0,21.0,38.0,4.0,10.0
2021/12/29,152.0,80.0,14.0,46.0,5.0,14.0
2021/12/30,167.0,55.0,28.0,33.0,4.0,11.0
2021/12/31,131.0,32.0,20.0,21.0,3.0,7.0
2022/1/1,64.0,70.0,36.0,27.0,4.0,12.0
2022/1/2,163.0,64.0,27.0,36.0,3.0,13.0
2022/1/3,160.0,52.0,39.0,29.0,2.0,11.0
2022/1/4,141.0,19.0,33.0,13.0,2.0,6.0
2022/1/5,57.0,22.0,32.0,9.0,2.0,6.0
2022/1/6,55.0,33.0,26.0,15.0,2.0,6.0
2022/1/7,93.0,34.0,24.0,18.0,2.0,8.0
2022/1/8,105.0,57.0,27.0,20.0,3.0,11.0
2022/1/9,149.0,88.0,22.0,28.0,3.0,15.0
2022/1/10,185.0,54.0,26.0,15.0,2.0,11.0
2022/1/11,129.0,47.0,24.0,23.0,3.0,10.0
2022/1/12,131.0,59.0,,28.0,3.0,11.0
2022/1/13,140.0,32.0,20.0,17.0,2.0,10.0
2022/1/14,70.0,62.0,16.0,32.0,2.0,10.0
2022/1/15,156.0,72.0,33.0,30.0,2.0,12.0
2022/1/16,168.0,37.0,19.0,21.0,2.0,9.0
2022/1/17,70.0,44.0,33.0,16.0,2.0,8.0
2022/1/18,113.0,40.0,22.0,23.0,2.0,8.0
2022/1/19,106.0,40.0,30.0,10.0,2.0,9.0
2022/1/20,106.0,22.0,29.0,11.0,2.0,9.0
2022/1/21,59.0,21.0,17.0,23.0,2.0,10.0
2022/1/22,72.0,17.0,28.0,16.0,2.0,9.0
2022/1/23,60.0,51.0,31.0,11.0,2.0,11.0
2022/1/24,140.0,71.0,23.0,20.0,2.0,10.0
2022/1/25,169.0,48.0,30.0,16.0,2.0,8.0
2022/1/26,131.0,41.0,34.0,11.0,2.0,8.0
2022/1/27,112.0,25.0,27.0,9.0,2.0,5.0
2022/1/28,65.0,25.0,28.0,9.0,2.0,6.0
2022/1/29,80.0,26.0,29.0,9.0,2.0,6.0
2022/1/30,76.0,56.0,38.0,18.0,3.0,9.0
2022/1/31,141.0,76.0,34.0,11.0,3.0,8.0
2022/2/1,148.0,30.0,33.0,7.0,2.0,5.0
2022/2/2,83.0,15.0,31.0,7.0,2.0,5.0
2022/2/3,56.0,28.0,37.0,12.0,3.0,7.0
2022/2/4,83.0,45.0,34.0,13.0,3.0,7.0
2022/2/5,116.0,22.0,33.0,7.0,3.0,5.0
2022/2/6,58.0,8.0,32.0,9.0,2.0,5.0
2022/2/7,32.0,9.0,31.0,10.0,2.0,5.0
2022/2/8,33.0,19.0,30.0,13.0,2.0,4.0
2022/2/9,63.0,29.0,36.0,13.0,3.0,6.0
2022/2/10,83.0,42.0,70.0,13.0,2.0,7.0
2022/2/11,111.0,49.0,38.0,17.0,3.0,7.0
2022/2/12,116.0,47.0,38.0,16.0,2.0,8.0
2022/2/13,117.0,47.0,40.0,15.0,3.0,8.0
2022/2/14,107.0,56.0,30.0,12.0,2.0,7.0
2022/2/15,126.0,40.0,32.0,12.0,2.0,5.0
2022/2/16,93.0,26.0,35.0,8.0,1.0,4.0
2022/2/17,68.0,21.0,29.0,12.0,1.0,4.0
2022/2/18,58.0,32.0,30.0,9.0,2.0,5.0
2022/2/19,83.0,34.0,31.0,10.0,2.0,4.0
2022/2/20,72.0,42.0,30.0,20.0,3.0,4.0
2022/2/21,96.0,59.0,33.0,26.0,4.0,5.0
2022/2/22,150.0,41.0,38.0,10.0,2.0,4.0
2022/2/23,95.0,26.0,34.0,16.0,2.0,4.0
2022/2/24,67.0,29.0,34.0,17.0,2.0,3.0
2022/2/25,71.0,52.0,44.0,20.0,2.0,5.0
2022/2/26,122.0,65.0,39.0,14.0,2.0,5.0
2022/2/27,111.0,64.0,63.0,18.0,3.0,6.0
2022/2/28,128.0,85.0,44.0,17.0,2.0,8.0
2022/3/1,170.0,76.0,46.0,19.0,2.0,6.0
2022/3/2,154.0,79.0,57.0,23.0,4.0,6.0
2022/3/3,149.0,50.0,35.0,22.0,3.0,5.0
2022/3/4,113.0,89.0,33.0,17.0,2.0,4.0
2022/3/5,109.0,40.0,33.0,10.0,2.0,3.0
2022/3/6,43.0,44.0,34.0,17.0,3.0,4.0
2022/3/7,75.0,63.0,42.0,28.0,3.0,5.0
2022/3/8,117.0,69.0,48.0,18.0,3.0,5.0
2022/3/9,120.0,69.0,50.0,16.0,3.0,5.0
2022/3/10,100.0,66.0,42.0,24.0,3.0,5.0
2022/3/11,107.0,55.0,49.0,16.0,4.0,4.0
2022/3/12,91.0,52.0,54.0,13.0,3.0,5.0
2022/3/13,98.0,66.0,43.0,14.0,3.0,6.0
2022/3/14,132.0,61.0,44.0,14.0,3.0,5.0
2022/3/15,100.0,56.0,75.0,21.0,2.0,6.0
2022/3/16,103.0,16.0,30.0,11.0,1.0,5.0
2022/3/17,46.0,29.0,28.0,13.0,1.0,6.0
2022/3/18,78.0,59.0,30.0,15.0,2.0,7.0
2022/3/19,140.0,22.0,31.0,11.0,1.0,5.0
2022/3/20,61.0,10.0,37.0,8.0,1.0,5.0
2022/3/21,36.0,28.0,39.0,8.0,2.0,4.0
2022/3/22,55.0,31.0,43.0,11.0,2.0,5.0
2022/3/23,77.0,28.0,44.0,12.0,2.0,5.0
2022/3/24,57.0,19.0,39.0,9.0,1.0,7.0
2022/3/25,54.0,37.0,42.0,9.0,2.0,8.0
2022/3/26,91.0,63.0,42.0,15.0,4.0,8.0
2022/3/27,109.0,34.0,42.0,6.0,2.0,4.0
2022/3/28,55.0,35.0,46.0,8.0,2.0,4.0
2022/3/29,59.0,38.0,61.0,10.0,3.0,5.0
2022/3/30,86.0,40.0,40.0,7.0,2.0,6.0
2022/3/31,89.0,27.0,46.0,4.0,2.0,4.0
2022/4/1,71.0,27.0,48.0,5.0,2.0,4.0
2022/4/2,70.0,18.0,47.0,5.0,2.0,4.0
2022/4/3,60.0,26.0,52.0,6.0,2.0,4.0
2022/4/4,71.0,34.0,41.0,12.0,4.0,5.0
2022/4/5,75.0,51.0,71.0,14.0,3.0,4.0
2022/4/6,109.0,53.0,93.0,12.0,3.0,4.0
2022/4/7,113.0,50.0,81.0,11.0,5.0,5.0
2022/4/8,96.0,45.0,83.0,8.0,5.0,4.0
2022/4/9,80.0,44.0,64.0,6.0,3.0,1.0
2022/4/10,83.0,46.0,89.0,9.0,4.0,2.0
2022/4/11,98.0,33.0,75.0,10.0,3.0,2.0
2022/4/12,84.0,15.0,39.0,6.0,2.0,4.0
2022/4/13,48.0,9.0,31.0,5.0,1.0,2.0
2022/4/14,41.0,23.0,65.0,5.0,2.0,3.0
2022/4/15,59.0,44.0,57.0,6.0,2.0,5.0
2022/4/16,103.0,32.0,59.0,7.0,2.0,5.0
2022/4/17,75.0,29.0,58.0,8.0,2.0,4.0
2022/4/18,65.0,47.0,87.0,11.0,3.0,6.0
2022/4/19,114.0,59.0,100.0,10.0,5.0,7.0
2022/4/20,126.0,53.0,79.0,8.0,3.0,7.0
2022/4/21,137.0,46.0,73.0,11.0,7.0,8.0
2022/4/22,122.0,20.0,38.0,7.0,3.0,6.0
2022/4/23,65.0,10.0,37.0,5.0,2.0,5.0
2022/4/24,38.0,23.0,41.0,7.0,2.0,7.0
2022/4/25,71.0,19.0,35.0,8.0,2.0,6.0
2022/4/26,61.0,51.0,47.0,5.0,2.0,5.0
2022/4/27,67.0,68.0,39.0,6.0,1.0,6.0
2022/4/28,76.0,18.0,45.0,5.0,2.0,7.0
2022/4/29,50.0,23.0,47.0,6.0,2.0,7.0
2022/4/30,68.0,28.0,53.0,6.0,2.0,8.0
2022/5/1,78.0,50.0,77.0,10.0,2.0,9.0
2022/5/2,120.0,57.0,98.0,15.0,3.0,9.0
2022/5/3,136.0,47.0,78.0,8.0,7.0,8.0
2022/5/4,114.0,25.0,58.0,6.0,2.0,7.0
2022/5/5,67.0,19.0,68.0,5.0,4.0,2.0
2022/5/6,66.0,15.0,37.0,5.0,2.0,5.0
2022/5/7,52.0,21.0,48.0,5.0,2.0,5.0
2022/5/8,58.0,18.0,45.0,6.0,2.0,6.0
2022/5/9,50.0,19.0,42.0,5.0,2.0,8.0
2022/5/10,57.0,20.0,40.0,5.0,2.0,7.0
2022/5/11,64.0,19.0,41.0,6.0,2.0,8.0
2022/5/12,63.0,20.0,45.0,5.0,2.0,9.0
2022/5/13,63.0,27.0,55.0,6.0,2.0,5.0
2022/5/14,70.0,30.0,62.0,10.0,2.0,3.0
2022/5/15,77.0,43.0,83.0,13.0,3.0,2.0
2022/5/16,112.0,47.0,96.0,11.0,4.0,2.0
2022/5/17,120.0,31.0,76.0,10.0,5.0,1.0
2022/5/18,92.0,30.0,57.0,8.0,2.0,1.0
2022/5/19,79.0,25.0,28.0,11.0,2.0,1.0
2022/5/20,77.0,18.0,50.0,8.0,2.0,6.0
2022/5/21,54.0,25.0,68.0,7.0,2.0,4.0
2022/5/22,79.0,17.0,52.0,5.0,2.0,9.0
2022/5/23,70.0,12.0,45.0,5.0,2.0,3.0
2022/5/24,41.0,19.0,45.0,7.0,2.0,2.0
2022/5/25,56.0,31.0,28.0,17.0,2.0,8.0
2022/5/26,83.0,44.0,103.0,12.0,3.0,5.0
2022/5/27,109.0,19.0,55.0,8.0,3.0,4.0
2022/5/28,64.0,15.0,35.0,9.0,2.0,7.0
2022/5/29,52.0,41.0,58.0,14.0,3.0,12.0
2022/5/30,108.0,16.0,48.0,7.0,2.0,9.0
2022/5/31,43.0,42.0,61.0,14.0,4.0,8.0
2022/6/1,108.0,47.0,51.0,13.0,2.0,4.0
2022/6/2,115.0,14.0,37.0,6.0,2.0,3.0
2022/6/3,41.0,24.0,49.0,9.0,2.0,3.0
2022/6/4,62.0,19.0,28.0,11.0,2.0,4.0
2022/6/5,56.0,32.0,90.0,8.0,2.0,3.0
2022/6/6,73.0,37.0,50.0,8.0,2.0,4.0
2022/6/7,81.0,25.0,56.0,10.0,2.0,1.0
2022/6/8,56.0,37.0,72.0,8.0,2.0,1.0
2022/6/9,77.0,18.0,41.0,7.0,1.0,2.0
2022/6/10,51.0,19.0,46.0,4.0,1.0,2.0
2022/6/11,56.0,28.0,40.0,7.0,2.0,1.0
2022/6/12,73.0,13.0,33.0,9.0,,1.0
2022/6/13,34.0,42.0,86.0,12.0,2.0,3.0
2022/6/14,97.0,56.0,99.0,16.0,2.0,4.0
2022/6/15,130.0,54.0,96.0,12.0,3.0,5.0
2022/6/16,120.0,44.0,105.0,9.0,2.0,4.0
2022/6/17,113.0,29.0,59.0,5.0,1.0,4.0
2022/6/18,74.0,44.0,44.0,12.0,,5.0
2022/6/19,98.0,15.0,31.0,6.0,,3.0
2022/6/20,46.0,24.0,40.0,6.0,,3.0
2022/6/21,59.0,32.0,47.0,6.0,1.0,3.0
2022/6/22,79.0,25.0,44.0,5.0,1.0,3.0
2022/6/23,59.0,17.0,27.0,8.0,1.0,4.0
2022/6/24,48.0,27.0,65.0,5.0,1.0,3.0
2022/6/25,70.0,27.0,56.0,5.0,1.0,4.0
2022/6/26,66.0,22.0,48.0,2.0,1.0,4.0
2022/6/27,48.0,26.0,41.0,6.0,1.0,4.0
2022/6/28,48.0,25.0,46.0,8.0,,4.0
2022/6/29,59.0,19.0,30.0,6.0,,3.0
2022/6/30,43.0,19.0,25.0,4.0,,4.0
2022/7/1,36.0,16.0,19.0,3.0,,2.0
2022/7/2,38.0,15.0,23.0,3.0,,2.0
2022/7/3,40.0,17.0,28.0,4.0,,1.0
2022/7/4,39.0,31.0,63.0,4.0,,4.0
2022/7/5,68.0,29.0,54.0,5.0,,4.0
2022/7/6,62.0,30.0,63.0,6.0,,4.0
2022/7/7,78.0,35.0,50.0,6.0,,4.0
2022/7/8,81.0,34.0,88.0,9.0,1.0,5.0
2022/7/9,93.0,43.0,67.0,9.0,1.0,5.0
2022/7/10,110.0,25.0,71.0,12.0,1.0,6.0
2022/7/11,64.0,45.0,84.0,12.0,,5.0
2022/7/12,93.0,46.0,83.0,13.0,,5.0
2022/7/13,100.0,43.0,101.0,13.0,,4.0
2022/7/14,99.0,42.0,69.0,11.0,,4.0
2022/7/15,98.0,38.0,51.0,16.0,,6.0
2022/7/16,99.0,44.0,71.0,10.0,1.0,5.0
2022/7/17,102.0,32.0,53.0,9.0,,5.0
2022/7/18,82.0,31.0,41.0,11.0,,5.0
2022/7/19,83.0,34.0,58.0,9.0,,5.0
2022/7/20,81.0,24.0,44.0,11.0,,4.0
2022/7/21,65.0,46.0,104.0,11.0,,6.0
2022/7/22,112.0,42.0,49.0,8.0,,5.0
2022/7/23,96.0,42.0,88.0,10.0,1.0,8.0
2022/7/24,100.0,35.0,69.0,7.0,,4.0
2022/7/25,88.0,37.0,81.0,11.0,,4.0
2022/7/26,77.0,37.0,104.0,14.0,,5.0
2022/7/27,84.0,40.0,84.0,12.0,,6.0
2022/7/28,79.0,18.0,14.0,6.0,,4.0
2022/7/29,45.0,19.0,18.0,8.0,,4.0
2022/7/30,55.0,25.0,39.0,8.0,1.0,5.0
2022/7/31,69.0,32.0,50.0,8.0,,5.0
2022/8/1,78.0,42.0,58.0,7.0,1.0,5.0
2022/8/2,103.0,19.0,35.0,6.0,1.0,4.0
2022/8/3,56.0,21.0,47.0,6.0,1.0,4.0
2022/8/4,52.0,31.0,92.0,8.0,1.0,5.0
2022/8/5,64.0,38.0,49.0,16.0,1.0,7.0
2022/8/6,85.0,25.0,69.0,8.0,1.0,4.0
2022/8/7,63.0,19.0,53.0,6.0,1.0,4.0
2022/8/8,45.0,25.0,71.0,7.0,1.0,4.0
2022/8/9,53.0,29.0,83.0,8.0,1.0,4.0
2022/8/10,63.0,39.0,83.0,12.0,1.0,5.0
2022/8/11,78.0,43.0,74.0,18.0,2.0,6.0
2022/8/12,95.0,44.0,85.0,11.0,1.0,6.0
2022/8/13,94.0,37.0,78.0,8.0,1.0,6.0
2022/8/14,78.0,31.0,84.0,7.0,1.0,5.0
2022/8/15,71.0,35.0,70.0,10.0,1.0,6.0
2022/8/16,76.0,32.0,68.0,11.0,2.0,8.0
2022/8/17,73.0,30.0,73.0,9.0,1.0,5.0
2022/8/18,71.0,27.0,75.0,8.0,1.0,5.0
2022/8/19,61.0,40.0,70.0,13.0,1.0,6.0
2022/8/20,82.0,36.0,38.0,10.0,1.0,7.0
2022/8/21,81.0,35.0,68.0,9.0,1.0,6.0
2022/8/22,83.0,38.0,100.0,11.0,1.0,7.0
2022/8/23,86.0,31.0,31.0,7.0,1.0,3.0
2022/8/24,59.0,28.0,39.0,9.0,1.0,3.0
2022/8/25,56.0,31.0,37.0,11.0,1.0,3.0
2022/8/26,58.0,25.0,41.0,10.0,1.0,4.0
2022/8/27,65.0,27.0,39.0,7.0,1.0,5.0
2022/8/28,44.0,34.0,60.0,9.0,1.0,5.0
2022/8/29,62.0,37.0,51.0,9.0,1.0,6.0
2022/8/30,87.0,17.0,34.0,8.0,1.0,6.0
2022/8/31,53.0,24.0,54.0,6.0,1.0,5.0
2022/9/1,62.0,21.0,40.0,5.0,1.0,4.0
2022/9/2,49.0,14.0,25.0,4.0,1.0,3.0
2022/9/3,36.0,17.0,21.0,3.0,1.0,3.0
2022/9/4,36.0,9.0,41.0,4.0,1.0,4.0
2022/9/5,23.0,53.0,100.0,12.0,2.0,8.0
2022/9/6,111.0,58.0,110.0,13.0,2.0,6.0
2022/9/7,119.0,37.0,49.0,14.0,2.0,4.0
2022/9/8,71.0,26.0,45.0,9.0,2.0,4.0
2022/9/9,59.0,24.0,57.0,7.0,1.0,4.0
2022/9/10,62.0,28.0,36.0,6.0,2.0,2.0
2022/9/11,61.0,23.0,26.0,7.0,1.0,3.0
2022/9/12,63.0,15.0,26.0,6.0,1.0,3.0
2022/9/13,45.0,14.0,22.0,6.0,1.0,4.0
2022/9/14,45.0,13.0,28.0,6.0,1.0,3.0
2022/9/15,44.0,40.0,50.0,11.0,2.0,4.0
2022/9/16,101.0,46.0,56.0,15.0,2.0,8.0
2022/9/17,116.0,36.0,66.0,8.0,2.0,8.0
2022/9/18,78.0,55.0,64.0,7.0,2.0,7.0
2022/9/19,91.0,40.0,37.0,7.0,2.0,5.0
2022/9/20,55.0,30.0,31.0,10.0,2.0,3.0
2022/9/21,47.0,37.0,41.0,13.0,2.0,3.0
2022/9/22,58.0,47.0,57.0,15.0,2.0,4.0
2022/9/23,73.0,27.0,37.0,8.0,2.0,4.0
2022/9/24,46.0,29.0,41.0,10.0,2.0,4.0
2022/9/25,48.0,33.0,44.0,14.0,2.0,5.0
2022/9/26,68.0,18.0,42.0,11.0,2.0,4.0
2022/9/27,53.0,25.0,35.0,14.0,2.0,5.0
2022/9/28,65.0,19.0,40.0,16.0,2.0,4.0
2022/9/29,63.0,27.0,28.0,12.0,2.0,4.0
2022/9/30,59.0,38.0,35.0,11.0,2.0,5.0
2022/10/1,86.0,30.0,45.0,7.0,2.0,5.0
2022/10/2,65.0,35.0,72.0,9.0,3.0,6.0
2022/10/3,72.0,24.0,26.0,6.0,2.0,5.0
2022/10/4,49.0,24.0,30.0,5.0,2.0,3.0
2022/10/5,41.0,14.0,30.0,8.0,2.0,4.0
2022/10/6,40.0,15.0,31.0,8.0,2.0,4.0
2022/10/7,47.0,26.0,38.0,11.0,2.0,4.0
2022/10/8,60.0,37.0,46.0,14.0,2.0,5.0
2022/10/9,87.0,42.0,34.0,12.0,3.0,6.0
2022/10/10,62.0,34.0,36.0,14.0,3.0,5.0
2022/10/11,69.0,24.0,38.0,12.0,3.0,5.0
2022/10/12,55.0,26.0,43.0,10.0,3.0,5.0
2022/10/13,52.0,33.0,40.0,13.0,2.0,5.0
2022/10/14,64.0,33.0,45.0,13.0,3.0,5.0
2022/10/15,74.0,34.0,43.0,11.0,3.0,5.0
2022/10/16,90.0,48.0,49.0,7.0,3.0,5.0
2022/10/17,81.0,31.0,32.0,8.0,2.0,4.0
2022/10/18,45.0,26.0,40.0,10.0,2.0,4.0
2022/10/19,51.0,26.0,38.0,14.0,2.0,4.0
2022/10/20,53.0,36.0,39.0,20.0,2.0,5.0
2022/10/21,69.0,38.0,36.0,14.0,3.0,6.0
2022/10/22,89.0,38.0,50.0,7.0,2.0,4.0
2022/10/23,79.0,29.0,43.0,8.0,3.0,4.0
2022/10/24,53.0,25.0,35.0,8.0,2.0,4.0
2022/10/25,46.0,28.0,27.0,14.0,3.0,4.0
2022/10/26,44.0,18.0,30.0,13.0,2.0,4.0
2022/10/27,43.0,32.0,38.0,8.0,2.0,4.0
2022/10/28,57.0,29.0,37.0,9.0,3.0,4.0
2022/10/29,62.0,32.0,37.0,10.0,2.0,4.0
2022/10/30,71.0,29.0,32.0,10.0,2.0,4.0
2022/10/31,52.0,35.0,40.0,10.0,3.0,5.0
2022/11/1,79.0,48.0,43.0,13.0,2.0,6.0
2022/11/2,98.0,34.0,41.0,16.0,3.0,5.0
2022/11/3,70.0,34.0,32.0,9.0,3.0,5.0
2022/11/4,64.0,37.0,38.0,12.0,3.0,5.0
2022/11/5,79.0,25.0,34.0,15.0,3.0,4.0
2022/11/6,58.0,32.0,43.0,16.0,3.0,4.0
2022/11/7,66.0,28.0,36.0,17.0,3.0,4.0
2022/11/8,66.0,40.0,38.0,15.0,2.0,4.0
2022/11/9,81.0,48.0,34.0,14.0,3.0,5.0
2022/11/10,116.0,33.0,16.0,16.0,2.0,4.0
2022/11/11,87.0,29.0,31.0,13.0,3.0,5.0
2022/11/12,72.0,29.0,22.0,9.0,3.0,6.0
2022/11/13,64.0,40.0,17.0,18.0,3.0,7.0
2022/11/14,88.0,66.0,24.0,28.0,4.0,9.0
2022/11/15,154.0,74.0,42.0,29.0,4.0,9.0
2022/11/16,159.0,14.0,31.0,13.0,3.0,5.0
2022/11/17,52.0,26.0,28.0,15.0,3.0,5.0
2022/11/18,59.0,41.0,23.0,21.0,3.0,6.0
2022/11/19,85.0,51.0,24.0,17.0,3.0,8.0
2022/11/20,130.0,49.0,27.0,24.0,3.0,8.0
2022/11/21,122.0,41.0,27.0,18.0,3.0,7.0
2022/11/22,109.0,20.0,29.0,15.0,3.0,6.0
2022/11/23,61.0,35.0,31.0,21.0,3.0,6.0
2022/11/24,76.0,38.0,27.0,28.0,4.0,5.0
2022/11/25,75.0,53.0,36.0,27.0,4.0,9.0
2022/11/26,128.0,38.0,29.0,16.0,2.0,4.0
2022/11/27,81.0,27.0,1.0,15.0,3.0,4.0
2022/11/28,59.0,21.0,26.0,11.0,2.0,5.0
2022/11/29,58.0,24.0,22.0,11.0,2.0,5.0
2022/11/30,53.0,31.0,16.0,16.0,3.0,7.0
2022/12/1,71.0,44.0,12.0,24.0,4.0,9.0
2022/12/2,102.0,36.0,22.0,25.0,3.0,8.0
2022/12/3,100.0,27.0,25.0,8.0,2.0,4.0
2022/12/4,58.0,18.0,23.0,12.0,3.0,5.0
2022/12/5,52.0,31.0,21.0,27.0,4.0,7.0
2022/12/6,66.0,48.0,38.0,29.0,4.0,5.0
2022/12/7,103.0,50.0,26.0,34.0,4.0,5.0
2022/12/8,104.0,33.0,16.0,30.0,3.0,7.0
2022/12/9,87.0,51.0,25.0,24.0,3.0,9.0
2022/12/10,135.0,43.0,31.0,11.0,4.0,6.0
2022/12/11,90.0,45.0,24.0,22.0,4.0,6.0
2022/12/12,101.0,95.0,23.0,30.0,5.0,9.0
2022/12/13,151.0,76.0,25.0,17.0,4.0,6.0
2022/12/14,91.0,53.0,20.0,26.0,3.0,5.0
2022/12/15,74.0,32.0,25.0,20.0,3.0,5.0
2022/12/16,65.0,45.0,20.0,11.0,4.0,6.0
2022/12/17,88.0,56.0,20.0,17.0,3.0,7.0
2022/12/18,69.0,51.0,21.0,29.0,4.0,8.0
2022/12/19,84.0,40.0,29.0,28.0,3.0,6.0
2022/12/20,76.0,64.0,25.0,23.0,5.0,7.0
2022/12/21,120.0,75.0,25.0,24.0,4.0,8.0
2022/12/22,121.0,33.0,23.0,15.0,4.0,8.0
2022/12/23,66.0,48.0,26.0,18.0,5.0,9.0
2022/12/24,99.0,44.0,24.0,17.0,4.0,9.0
2022/12/25,99.0,45.0,21.0,25.0,5.0,9.0
2022/12/26,122.0,65.0,27.0,23.0,5.0,9.0
2022/12/27,159.0,76.0,31.0,20.0,5.0,9.0
2022/12/28,165.0,35.0,29.0,16.0,4.0,4.0
2022/12/29,89.0,37.0,19.0,25.0,5.0,7.0
2022/12/30,94.0,68.0,34.0,35.0,5.0,8.0
2022/12/31,158.0,71.0,18.0,49.0,5.0,8.0
2023/1/1,160.0,58.0,28.0,19.0,4.0,7.0
2023/1/2,131.0,22.0,26.0,16.0,4.0,4.0
2023/1/3,56.0,41.0,34.0,26.0,5.0,6.0
2023/1/4,105.0,46.0,17.0,31.0,4.0,5.0
2023/1/5,105.0,75.0,39.0,36.0,6.0,8.0
2023/1/6,149.0,90.0,32.0,34.0,6.0,11.0
2023/1/7,173.0,67.0,38.0,22.0,5.0,6.0
2023/1/8,129.0,65.0,43.0,21.0,5.0,7.0
2023/1/9,143.0,26.0,26.0,12.0,4.0,4.0
2023/1/10,45.0,34.0,27.0,21.0,4.0,5.0
2023/1/11,75.0,26.0,23.0,17.0,2.0,4.0
2023/1/12,76.0,22.0,2.0,23.0,2.0,7.0
2023/1/13,69.0,16.0,,10.0,3.0,5.0
2023/1/14,51.0,29.0,,9.0,2.0,6.0
2023/1/15,73.0,44.0,,12.0,4.0,8.0
2023/1/16,89.0,53.0,,14.0,3.0,8.0
2023/1/17,120.0,65.0,,20.0,4.0,9.0
2023/1/18,137.0,75.0,,28.0,4.0,9.0
2023/1/19,131.0,87.0,,15.0,4.0,7.0
2023/1/20,134.0,60.0,,9.0,3.0,4.0
2023/1/21,69.0,18.0,,10.0,2.0,5.0
2023/1/22,58.0,29.0,,8.0,3.0,7.0
2023/1/23,66.0,43.0,,4.0,2.0,7.0
2023/1/24,82.0,27.0,,6.0,3.0,7.0
2023/1/25,51.0,46.0,,12.0,3.0,8.0
2023/1/26,115.0,58.0,,7.0,3.0,7.0
2023/1/27,96.0,54.0,,15.0,4.0,8.0
2023/1/28,97.0,57.0,,21.0,3.0,7.0
2023/1/29,110.0,60.0,,29.0,5.0,9.0
2023/1/30,126.0,45.0,,23.0,4.0,7.0
2023/1/31,111.0,61.0,,31.0,4.0,8.0
2023/2/1,120.0,43.0,,10.0,2.0,5.0
2023/2/2,52.0,48.0,,12.0,3.0,6.0
2023/2/3,55.0,30.0,,15.0,3.0,4.0
2023/2/4,59.0,46.0,,16.0,3.0,5.0
2023/2/5,101.0,32.0,,20.0,2.0,4.0
2023/2/6,79.0,31.0,,13.0,3.0,4.0
2023/2/7,74.0,51.0,,14.0,3.0,5.0
2023/2/8,110.0,34.0,,16.0,3.0,5.0
2023/2/9,72.0,25.0,,15.0,2.0,6.0
2023/2/10,71.0,19.0,29.0,14.0,2.0,5.0
2023/2/11,59.0,19.0,25.0,19.0,2.0,7.0
2023/2/12,59.0,37.0,37.0,10.0,2.0,7.0
2023/2/13,86.0,36.0,28.0,10.0,2.0,6.0
2023/2/14,70.0,40.0,29.0,14.0,3.0,6.0
2023/2/15,83.0,43.0,30.0,17.0,3.0,7.0
2023/2/16,85.0,42.0,27.0,24.0,3.0,6.0
2023/2/17,88.0,58.0,33.0,35.0,5.0,9.0
2023/2/18,127.0,78.0,33.0,20.0,4.0,10.0
2023/2/19,160.0,53.0,41.0,15.0,4.0,7.0
2023/2/20,113.0,29.0,30.0,9.0,3.0,6.0
2023/2/21,55.0,29.0,28.0,13.0,3.0,6.0
2023/2/22,56.0,24.0,25.0,17.0,3.0,7.0
2023/2/23,63.0,42.0,36.0,15.0,3.0,9.0
2023/2/24,105.0,45.0,31.0,10.0,3.0,8.0
2023/2/25,92.0,29.0,33.0,11.0,3.0,6.0
2023/2/26,67.0,29.0,38.0,14.0,3.0,4.0
2023/2/27,77.0,40.0,40.0,25.0,3.0,5.0
2023/2/28,85.0,65.0,55.0,28.0,4.0,8.0
2023/3/1,150.0,54.0,37.0,16.0,4.0,5.0
2023/3/2,107.0,36.0,29.0,18.0,3.0,4.0
2023/3/3,56.0,45.0,34.0,23.0,3.0,4.0
2023/3/4,84.0,49.0,48.0,21.0,3.0,4.0
2023/3/5,97.0,59.0,66.0,27.0,4.0,5.0
2023/3/6,117.0,67.0,57.0,25.0,4.0,5.0
2023/3/7,111.0,63.0,43.0,27.0,3.0,6.0
2023/3/8,115.0,81.0,63.0,24.0,4.0,8.0
2023/3/9,158.0,86.0,78.0,29.0,5.0,7.0
2023/3/10,145.0,56.0,60.0,16.0,4.0,5.0
2023/3/11,92.0,60.0,36.0,12.0,3.0,6.0
2023/3/12,95.0,49.0,34.0,12.0,4.0,4.0
2023/3/13,55.0,49.0,50.0,15.0,5.0,5.0
2023/3/14,65.0,52.0,54.0,18.0,5.0,6.0
2023/3/15,89.0,66.0,37.0,9.0,3.0,5.0
2023/3/16,67.0,21.0,33.0,12.0,3.0,6.0
2023/3/17,41.0,33.0,29.0,14.0,4.0,7.0
2023/3/18,76.0,41.0,39.0,15.0,3.0,4.0
2023/3/19,72.0,43.0,39.0,16.0,3.0,5.0
2023/3/20,95.0,18.0,16.0,26.0,3.0,6.0
2023/3/21,60.0,39.0,10.0,30.0,3.0,7.0
2023/3/22,108.0,102.0,34.0,17.0,3.0,8.0
2023/3/23,104.0,84.0,32.0,10.0,3.0,4.0
2023/3/24,86.0,46.0,28.0,12.0,4.0,6.0
2023/3/25,65.0,63.0,43.0,12.0,4.0,6.0
2023/3/26,85.0,84.0,51.0,22.0,4.0,6.0
2023/3/27,112.0,65.0,50.0,20.0,4.0,6.0
2023/3/28,112.0,55.0,35.0,20.0,4.0,6.0
2023/3/29,89.0,62.0,51.0,17.0,3.0,7.0
2023/3/30,134.0,38.0,35.0,16.0,4.0,6.0
2023/3/31,86.0,43.0,41.0,25.0,4.0,6.0
2023/4/1,98.0,47.0,61.0,24.0,3.0,5.0
2023/4/2,93.0,50.0,51.0,11.0,2.0,5.0
2023/4/3,77.0,28.0,38.0,9.0,2.0,5.0
2023/4/4,55.0,34.0,31.0,10.0,2.0,8.0
2023/4/5,83.0,44.0,28.0,16.0,2.0,9.0
2023/4/6,122.0,65.0,45.0,15.0,2.0,9.0
2023/4/7,142.0,56.0,50.0,16.0,3.0,6.0
2023/4/8,88.0,50.0,75.0,18.0,4.0,5.0
2023/4/9,78.0,46.0,75.0,15.0,3.0,5.0
2023/4/10,82.0,153.0,47.0,17.0,3.0,7.0
2023/4/11,103.0,209.0,37.0,12.0,2.0,5.0
2023/4/12,134.0,140.0,38.0,17.0,2.0,5.0
2023/4/13,133.0,77.0,33.0,22.0,3.0,8.0
2023/4/14,126.0,49.0,47.0,14.0,2.0,7.0
2023/4/15,104.0,66.0,70.0,12.0,3.0,7.0
2023/4/16,106.0,64.0,67.0,11.0,3.0,7.0
2023/4/17,96.0,70.0,67.0,21.0,4.0,8.0
2023/4/18,103.0,33.0,35.0,11.0,2.0,6.0
2023/4/19,63.0,27.0,38.0,10.0,2.0,5.0
2023/4/20,67.0,50.0,44.0,7.0,2.0,5.0
2023/4/21,76.0,86.0,43.0,9.0,3.0,5.0
2023/4/22,83.0,86.0,38.0,8.0,2.0,5.0
2023/4/23,86.0,37.0,36.0,9.0,2.0,5.0
2023/4/24,67.0,41.0,32.0,16.0,3.0,7.0
2023/4/25,86.0,57.0,54.0,14.0,4.0,8.0
2023/4/26,130.0,56.0,70.0,11.0,3.0,6.0
2023/4/27,121.0,52.0,66.0,15.0,4.0,7.0
2023/4/28,109.0,66.0,29.0,17.0,3.0,7.0
2023/4/29,132.0,81.0,68.0,16.0,3.0,4.0
2023/4/30,101.0,68.0,94.0,18.0,5.0,4.0
2023/5/1,95.0,49.0,62.0,8.0,3.0,4.0
2023/5/2,72.0,43.0,44.0,8.0,3.0,5.0
2023/5/3,73.0,28.0,40.0,11.0,3.0,5.0
2023/5/4,70.0,27.0,36.0,14.0,3.0,7.0
2023/5/5,78.0,35.0,41.0,11.0,2.0,8.0
2023/5/6,101.0,17.0,36.0,8.0,2.0,4.0
2023/5/7,54.0,31.0,47.0,7.0,2.0,4.0
2023/5/8,79.0,35.0,58.0,16.0,3.0,3.0
2023/5/9,80.0,28.0,53.0,13.0,3.0,3.0
2023/5/10,72.0,43.0,46.0,25.0,3.0,4.0
2023/5/11,87.0,74.0,109.0,28.0,4.0,6.0
2023/5/12,160.0,65.0,116.0,18.0,3.0,6.0
2023/5/13,156.0,66.0,115.0,19.0,4.0,7.0
2023/5/14,146.0,60.0,98.0,16.0,3.0,6.0
2023/5/15,121.0,46.0,76.0,10.0,3.0,4.0
2023/5/16,71.0,18.0,42.0,4.0,2.0,4.0
2023/5/17,57.0,24.0,41.0,6.0,3.0,6.0
2023/5/18,80.0,17.0,39.0,8.0,2.0,5.0
2023/5/19,56.0,30.0,61.0,9.0,2.0,4.0
2023/5/20,81.0,38.0,55.0,11.0,3.0,4.0
2023/5/21,92.0,68.0,35.0,10.0,2.0,4.0
2023/5/22,99.0,76.0,62.0,18.0,3.0,5.0
2023/5/23,111.0,62.0,49.0,21.0,3.0,5.0
2023/5/24,111.0,53.0,80.0,12.0,3.0,4.0
2023/5/25,103.0,51.0,51.0,12.0,3.0,5.0
2023/5/26,88.0,33.0,39.0,7.0,2.0,4.0
2023/5/27,67.0,37.0,63.0,9.0,3.0,3.0
2023/5/28,65.0,33.0,101.0,13.0,3.0,4.0
2023/5/29,68.0,32.0,37.0,13.0,2.0,3.0
2023/5/30,92.0,23.0,33.0,13.0,2.0,4.0
2023/5/31,75.0,26.0,48.0,13.0,3.0,4.0
2023/6/1,71.0,46.0,110.0,13.0,3.0,6.0
2023/6/2,101.0,39.0,61.0,10.0,3.0,4.0
2023/6/3,97.0,34.0,48.0,11.0,3.0,3.0
2023/6/4,75.0,37.0,38.0,12.0,2.0,5.0
2023/6/5,85.0,28.0,56.0,12.0,2.0,6.0
2023/6/6,93.0,37.0,45.0,14.0,2.0,5.0
2023/6/7,113.0,34.0,91.0,12.0,2.0,6.0
2023/6/8,107.0,40.0,104.0,14.0,3.0,6.0
2023/6/9,113.0,36.0,99.0,11.0,3.0,5.0
2023/6/10,82.0,30.0,56.0,11.0,2.0,4.0
2023/6/11,90.0,14.0,35.0,8.0,2.0,3.0
2023/6/12,46.0,17.0,21.0,10.0,2.0,3.0
2023/6/13,49.0,37.0,86.0,11.0,2.0,4.0
2023/6/14,88.0,42.0,86.0,17.0,4.0,7.0
2023/6/15,120.0,42.0,83.0,13.0,3.0,5.0
2023/6/16,125.0,13.0,50.0,9.0,2.0,4.0
2023/6/17,56.0,15.0,23.0,18.0,2.0,5.0
2023/6/18,60.0,15.0,28.0,13.0,1.0,6.0
2023/6/19,63.0,30.0,68.0,10.0,2.0,9.0
2023/6/20,95.0,50.0,111.0,15.0,3.0,8.0
2023/6/21,138.0,50.0,76.0,13.0,3.0,6.0
2023/6/22,135.0,42.0,56.0,9.0,2.0,5.0
2023/6/23,114.0,7.0,46.0,7.0,1.0,4.0
2023/6/24,44.0,19.0,40.0,10.0,2.0,4.0
2023/6/25,59.0,30.0,36.0,12.0,2.0,4.0
2023/6/26,70.0,30.0,51.0,13.0,2.0,4.0
2023/6/27,71.0,35.0,74.0,9.0,2.0,4.0
2023/6/28,81.0,40.0,65.0,11.0,2.0,5.0
2023/6/29,81.0,32.0,30.0,12.0,2.0,5.0
2023/6/30,68.0,30.0,76.0,9.0,2.0,5.0
2023/7/1,75.0,41.0,81.0,11.0,2.0,5.0
2023/7/2,113.0,39.0,75.0,15.0,3.0,5.0
2023/7/3,92.0,32.0,57.0,10.0,2.0,5.0
2023/7/4,91.0,31.0,61.0,10.0,2.0,5.0
2023/7/5,80.0,42.0,66.0,13.0,2.0,5.0
2023/7/6,117.0,36.0,63.0,12.0,2.0,5.0
2023/7/7,89.0,32.0,34.0,16.0,3.0,5.0
2023/7/8,80.0,39.0,42.0,13.0,1.0,4.0
2023/7/9,102.0,31.0,34.0,16.0,2.0,4.0
2023/7/10,71.0,42.0,96.0,10.0,2.0,5.0
2023/7/11,93.0,45.0,98.0,10.0,2.0,4.0
2023/7/12,112.0,43.0,82.0,8.0,2.0,5.0
2023/7/13,84.0,44.0,97.0,8.0,2.0,4.0
2023/7/14,89.0,35.0,91.0,8.0,2.0,4.0
2023/7/15,79.0,19.0,25.0,7.0,2.0,3.0
2023/7/16,56.0,17.0,21.0,2.0,2.0,2.0
2023/7/17,40.0,14.0,26.0,3.0,2.0,3.0
2023/7/18,43.0,17.0,25.0,6.0,3.0,3.0
2023/7/19,45.0,20.0,17.0,10.0,2.0,3.0
2023/7/20,55.0,24.0,44.0,10.0,2.0,3.0
2023/7/21,68.0,22.0,34.0,9.0,1.0,3.0
2023/7/22,63.0,22.0,41.0,6.0,1.0,3.0
2023/7/23,55.0,32.0,46.0,8.0,2.0,4.0
2023/7/24,71.0,18.0,36.0,4.0,1.0,3.0
2023/7/25,49.0,23.0,24.0,2.0,2.0,2.0
2023/7/26,44.0,19.0,15.0,2.0,3.0,2.0
2023/7/27,40.0,21.0,13.0,2.0,3.0,2.0
2023/7/28,36.0,18.0,12.0,4.0,3.0,2.0
2023/7/29,40.0,17.0,22.0,5.0,2.0,2.0
2023/7/30,42.0,23.0,20.0,6.0,2.0,2.0
2023/7/31,57.0,18.0,17.0,5.0,2.0,2.0
2023/8/1,52.0,21.0,20.0,4.0,1.0,2.0
2023/8/2,61.0,29.0,17.0,4.0,2.0,2.0
2023/8/3,64.0,24.0,16.0,4.0,1.0,3.0
2023/8/4,58.0,24.0,20.0,5.0,2.0,3.0
2023/8/5,64.0,30.0,42.0,9.0,1.0,5.0
2023/8/6,71.0,25.0,28.0,7.0,3.0,4.0
2023/8/7,64.0,29.0,41.0,5.0,1.0,6.0
2023/8/8,67.0,31.0,39.0,6.0,2.0,6.0
2023/8/9,71.0,40.0,90.0,6.0,2.0,6.0
2023/8/10,88.0,53.0,112.0,9.0,1.0,6.0
2023/8/11,107.0,44.0,93.0,7.0,1.0,5.0
2023/8/12,108.0,28.0,54.0,6.0,2.0,4.0
2023/8/13,61.0,24.0,34.0,6.0,2.0,5.0
2023/8/14,55.0,27.0,29.0,6.0,4.0,5.0
2023/8/15,64.0,37.0,46.0,9.0,4.0,5.0
2023/8/16,76.0,31.0,46.0,8.0,4.0,6.0
2023/8/17,81.0,25.0,46.0,6.0,4.0,6.0
2023/8/18,74.0,28.0,41.0,3.0,4.0,4.0
2023/8/19,79.0,24.0,36.0,4.0,4.0,4.0
2023/8/20,63.0,27.0,79.0,6.0,2.0,3.0
2023/8/21,72.0,36.0,74.0,8.0,2.0,5.0
2023/8/22,84.0,27.0,51.0,10.0,5.0,5.0
2023/8/23,81.0,31.0,92.0,10.0,5.0,5.0
2023/8/24,72.0,31.0,77.0,8.0,1.0,4.0
2023/8/25,63.0,28.0,61.0,7.0,2.0,3.0
2023/8/26,58.0,20.0,28.0,6.0,1.0,3.0
2023/8/27,51.0,17.0,32.0,9.0,2.0,4.0
2023/8/28,38.0,15.0,28.0,12.0,1.0,6.0
2023/8/29,49.0,10.0,38.0,10.0,1.0,4.0
2023/8/30,42.0,22.0,40.0,13.0,2.0,5.0
2023/8/31,73.0,15.0,44.0,9.0,4.0,3.0
2023/9/1,46.0,34.0,59.0,6.0,4.0,3.0
2023/9/2,65.0,29.0,56.0,8.0,3.0,5.0
2023/9/3,62.0,20.0,18.0,9.0,2.0,6.0
2023/9/4,53.0,25.0,25.0,9.0,2.0,6.0
2023/9/5,59.0,23.0,26.0,7.0,1.0,6.0
2023/9/6,63.0,38.0,44.0,8.0,1.0,7.0
2023/9/7,80.0,26.0,51.0,9.0,1.0,5.0
2023/9/8,67.0,25.0,59.0,11.0,1.0,6.0
2023/9/9,56.0,29.0,74.0,9.0,1.0,5.0
2023/9/10,57.0,35.0,68.0,11.0,2.0,6.0
2023/9/11,66.0,26.0,38.0,9.0,2.0,5.0
2023/9/12,60.0,24.0,34.0,11.0,2.0,5.0
2023/9/13,58.0,20.0,28.0,12.0,2.0,6.0
2023/9/14,56.0,21.0,24.0,20.0,2.0,6.0
2023/9/15,64.0,26.0,25.0,23.0,1.0,8.0
2023/9/16,76.0,43.0,92.0,18.0,2.0,9.0
2023/9/17,113.0,37.0,78.0,8.0,1.0,7.0
2023/9/18,105.0,22.0,58.0,8.0,2.0,5.0
2023/9/19,60.0,21.0,40.0,9.0,2.0,5.0
2023/9/20,46.0,21.0,39.0,11.0,3.0,5.0
2023/9/21,49.0,17.0,30.0,12.0,3.0,5.0
2023/9/22,52.0,13.0,32.0,14.0,2.0,4.0
2023/9/23,45.0,19.0,29.0,14.0,2.0,3.0
2023/9/24,51.0,42.0,38.0,21.0,2.0,6.0
2023/9/25,86.0,46.0,52.0,13.0,2.0,6.0
2023/9/26,110.0,43.0,63.0,12.0,1.0,6.0
2023/9/27,115.0,39.0,44.0,11.0,1.0,6.0
2023/9/28,110.0,42.0,62.0,9.0,2.0,5.0
2023/9/29,111.0,29.0,40.0,9.0,2.0,7.0
2023/9/30,99.0,17.0,46.0,9.0,3.0,4.0
2023/10/1,58.0,20.0,41.0,10.0,2.0,3.0
2023/10/2,36.0,22.0,40.0,11.0,4.0,4.0
2023/10/3,43.0,19.0,43.0,8.0,3.0,5.0
2023/10/4,47.0,35.0,38.0,8.0,3.0,4.0
2023/10/5,53.0,26.0,35.0,8.0,2.0,4.0
2023/10/6,41.0,23.0,37.0,9.0,2.0,4.0
2023/10/7,45.0,16.0,37.0,9.0,2.0,6.0
2023/10/8,42.0,33.0,40.0,14.0,2.0,6.0
2023/10/9,77.0,40.0,49.0,12.0,2.0,6.0
2023/10/10,97.0,27.0,47.0,12.0,2.0,5.0
2023/10/11,66.0,24.0,41.0,12.0,2.0,5.0
2023/10/12,66.0,18.0,41.0,12.0,2.0,6.0
2023/10/13,64.0,51.0,57.0,26.0,3.0,8.0
2023/10/14,144.0,62.0,62.0,23.0,3.0,8.0
2023/10/15,149.0,67.0,72.0,27.0,3.0,11.0
2023/10/16,149.0,54.0,74.0,17.0,3.0,6.0
2023/10/17,132.0,45.0,81.0,16.0,2.0,6.0
2023/10/18,104.0,61.0,91.0,23.0,3.0,7.0
2023/10/19,130.0,20.0,36.0,14.0,2.0,5.0
2023/10/20,66.0,33.0,34.0,15.0,3.0,5.0
2023/10/21,56.0,37.0,44.0,15.0,2.0,4.0
2023/10/22,64.0,28.0,46.0,14.0,2.0,4.0
2023/10/23,53.0,39.0,54.0,16.0,2.0,4.0
2023/10/24,73.0,57.0,74.0,27.0,3.0,7.0
2023/10/25,130.0,47.0,79.0,21.0,3.0,5.0
2023/10/26,129.0,47.0,58.0,20.0,2.0,5.0
2023/10/27,115.0,22.0,43.0,19.0,2.0,3.0
2023/10/28,42.0,38.0,56.0,13.0,2.0,4.0
2023/10/29,58.0,36.0,46.0,11.0,2.0,5.0
2023/10/30,68.0,40.0,65.0,16.0,3.0,5.0
2023/10/31,75.0,38.0,60.0,15.0,3.0,5.0
2023/11/1,74.0,29.0,54.0,11.0,3.0,4.0
2023/11/2,61.0,45.0,59.0,16.0,3.0,5.0
2023/11/3,84.0,30.0,32.0,13.0,2.0,4.0
2023/11/4,74.0,21.0,35.0,8.0,2.0,4.0
2023/11/5,47.0,31.0,28.0,11.0,2.0,6.0
2023/11/6,73.0,50.0,36.0,17.0,4.0,6.0
2023/11/7,79.0,46.0,34.0,18.0,3.0,5.0
2023/11/8,80.0,54.0,38.0,26.0,3.0,8.0
2023/11/9,118.0,21.0,35.0,7.0,2.0,5.0
2023/11/10,64.0,27.0,28.0,8.0,3.0,4.0
2023/11/11,47.0,33.0,25.0,11.0,3.0,6.0
2023/11/12,83.0,32.0,26.0,16.0,3.0,6.0
2023/11/13,74.0,60.0,28.0,31.0,3.0,9.0
2023/11/14,127.0,76.0,35.0,37.0,5.0,11.0
2023/11/15,164.0,87.0,30.0,26.0,3.0,9.0
2023/11/16,157.0,88.0,26.0,18.0,4.0,7.0
2023/11/17,90.0,49.0,23.0,21.0,4.0,7.0
2023/11/18,75.0,66.0,31.0,36.0,4.0,7.0
2023/11/19,114.0,83.0,42.0,40.0,5.0,10.0
2023/11/20,158.0,61.0,45.0,29.0,4.0,7.0
2023/11/21,130.0,55.0,40.0,35.0,4.0,6.0
2023/11/22,116.0,92.0,52.0,35.0,6.0,10.0
2023/11/23,163.0,30.0,29.0,10.0,3.0,5.0
2023/11/24,57.0,26.0,28.0,15.0,2.0,4.0
2023/11/25,49.0,44.0,24.0,22.0,3.0,4.0
2023/11/26,71.0,73.0,34.0,25.0,4.0,7.0
2023/11/27,145.0,84.0,37.0,26.0,5.0,9.0
2023/11/28,157.0,68.0,42.0,20.0,4.0,7.0
2023/11/29,129.0,34.0,23.0,12.0,3.0,5.0
2023/11/30,68.0,45.0,23.0,16.0,4.0,6.0
2023/12/1,85.0,50.0,22.0,26.0,4.0,8.0
2023/12/2,97.0,66.0,26.0,35.0,5.0,10.0
2023/12/3,148.0,70.0,24.0,37.0,4.0,8.0
2023/12/4,155.0,77.0,27.0,38.0,4.0,9.0
2023/12/5,166.0,88.0,29.0,31.0,5.0,8.0
2023/12/6,159.0,107.0,37.0,34.0,5.0,9.0
2023/12/7,149.0,70.0,36.0,27.0,4.0,7.0
2023/12/8,112.0,68.0,24.0,37.0,5.0,8.0
2023/12/9,126.0,52.0,17.0,29.0,3.0,7.0
2023/12/10,113.0,23.0,18.0,14.0,2.0,6.0
2023/12/11,78.0,45.0,17.0,15.0,3.0,7.0
2023/12/12,121.0,52.0,18.0,21.0,3.0,7.0
2023/12/13,120.0,49.0,27.0,26.0,4.0,7.0
2023/12/14,123.0,36.0,13.0,21.0,2.0,10.0
2023/12/15,95.0,44.0,23.0,10.0,3.0,9.0
2023/12/16,115.0,30.0,24.0,10.0,4.0,8.0
2023/12/17,79.0,19.0,20.0,14.0,2.0,5.0
2023/12/18,63.0,24.0,19.0,16.0,2.0,6.0
2023/12/19,73.0,54.0,23.0,14.0,4.0,7.0
2023/12/20,125.0,38.0,26.0,10.0,4.0,6.0
2023/12/21,85.0,41.0,22.0,15.0,4.0,8.0
2023/12/22,92.0,52.0,12.0,28.0,3.0,9.0
2023/12/23,117.0,74.0,21.0,32.0,5.0,10.0
2023/12/24,158.0,84.0,24.0,37.0,6.0,11.0
2023/12/25,167.0,86.0,23.0,36.0,5.0,9.0
2023/12/26,172.0,58.0,22.0,33.0,3.0,6.0
2023/12/27,152.0,70.0,19.0,41.0,4.0,9.0
2023/12/28,156.0,61.0,24.0,25.0,3.0,7.0
2023/12/29,153.0,75.0,20.0,29.0,3.0,9.0
2023/12/30,164.0,114.0,31.0,20.0,3.0,13.0
2023/12/31,220.0,67.0,28.0,19.0,3.0,8.0
2024/1/1,151.0,55.0,28.0,23.0,3.0,7.0
2024/1/2,113.0,76.0,28.0,23.0,3.0,10.0
2024/1/3,165.0,92.0,39.0,34.0,4.0,12.0
2024/1/4,179.0,75.0,25.0,38.0,6.0,10.0
2024/1/5,165.0,101.0,35.0,39.0,5.0,13.0
2024/1/6,192.0,55.0,29.0,16.0,4.0,8.0
2024/1/7,127.0,23.0,21.0,20.0,4.0,5.0
2024/1/8,55.0,71.0,22.0,34.0,4.0,8.0
2024/1/9,142.0,80.0,21.0,20.0,4.0,9.0
2024/1/10,171.0,85.0,27.0,31.0,4.0,10.0
2024/1/11,172.0,90.0,25.0,47.0,5.0,11.0
2024/1/12,174.0,109.0,35.0,49.0,5.0,12.0
2024/1/13,188.0,75.0,40.0,23.0,5.0,8.0
2024/1/14,161.0,25.0,27.0,10.0,3.0,5.0
2024/1/15,68.0,22.0,29.0,17.0,2.0,4.0
2024/1/16,40.0,42.0,31.0,27.0,4.0,6.0
2024/1/17,68.0,54.0,11.0,23.0,4.0,9.0
2024/1/18,131.0,40.0,23.0,13.0,3.0,8.0
2024/1/19,105.0,35.0,10.0,19.0,3.0,10.0
2024/1/20,103.0,45.0,25.0,13.0,3.0,9.0
2024/1/21,115.0,32.0,24.0,10.0,2.0,6.0
2024/1/22,78.0,34.0,23.0,12.0,4.0,7.0
2024/1/23,73.0,49.0,20.0,20.0,4.0,8.0
2024/1/24,99.0,58.0,21.0,29.0,5.0,10.0
2024/1/25,123.0,73.0,21.0,39.0,6.0,13.0
2024/1/26,159.0,83.0,20.0,39.0,6.0,12.0
2024/1/27,168.0,87.0,31.0,34.0,5.0,9.0
2024/1/28,172.0,78.0,34.0,27.0,4.0,8.0
2024/1/29,168.0,34.0,27.0,20.0,2.0,6.0
2024/1/30,90.0,20.0,12.0,26.0,2.0,6.0
2024/1/31,75.0,16.0,31.0,15.0,2.0,6.0
2024/2/1,54.0,26.0,26.0,10.0,2.0,4.0
2024/2/2,52.0,14.0,24.0,11.0,2.0,6.0
2024/2/3,51.0,25.0,23.0,15.0,2.0,8.0
2024/2/4,75.0,36.0,24.0,11.0,2.0,7.0
2024/2/5,105.0,54.0,26.0,13.0,3.0,7.0
2024/2/6,142.0,38.0,34.0,11.0,3.0,7.0
2024/2/7,98.0,53.0,42.0,12.0,4.0,8.0
2024/2/8,128.0,84.0,53.0,18.0,5.0,11.0
2024/2/9,178.0,108.0,41.0,16.0,5.0,9.0
2024/2/10,217.0,78.0,44.0,15.0,4.0,8.0
2024/2/11,160.0,77.0,51.0,10.0,4.0,7.0
2024/2/12,141.0,52.0,42.0,7.0,3.0,5.0
2024/2/13,95.0,49.0,42.0,11.0,3.0,5.0
2024/2/14,120.0,38.0,31.0,9.0,3.0,5.0
2024/2/15,100.0,24.0,34.0,5.0,3.0,4.0
2024/2/16,57.0,25.0,39.0,8.0,3.0,4.0
2024/2/17,57.0,29.0,31.0,10.0,3.0,6.0
2024/2/18,67.0,38.0,19.0,13.0,3.0,8.0
2024/2/19,96.0,19.0,25.0,7.0,3.0,5.0
2024/2/20,55.0,9.0,20.0,9.0,3.0,6.0
2024/2/21,41.0,21.0,19.0,9.0,,6.0
2024/2/22,67.0,41.0,21.0,12.0,3.0,8.0
2024/2/23,102.0,41.0,17.0,14.0,3.0,9.0
2024/2/24,115.0,59.0,34.0,10.0,3.0,8.0
2024/2/25,156.0,54.0,38.0,11.0,3.0,7.0
2024/2/26,129.0,55.0,33.0,13.0,3.0,7.0
2024/2/27,110.0,29.0,22.0,21.0,3.0,6.0
2024/2/28,81.0,13.0,34.0,19.0,3.0,8.0
2024/2/29,62.0,37.0,33.0,6.0,3.0,5.0
2024/3/1,70.0,54.0,36.0,15.0,3.0,6.0
2024/3/2,108.0,59.0,46.0,17.0,4.0,7.0
2024/3/3,128.0,32.0,38.0,18.0,3.0,6.0
2024/3/4,70.0,24.0,30.0,23.0,3.0,10.0
2024/3/5,78.0,46.0,34.0,13.0,4.0,9.0
2024/3/6,104.0,45.0,33.0,16.0,4.0,8.0
2024/3/7,83.0,61.0,41.0,16.0,3.0,8.0
2024/3/8,137.0,66.0,42.0,22.0,4.0,6.0
2024/3/9,155.0,39.0,41.0,12.0,3.0,4.0
2024/3/10,95.0,49.0,29.0,26.0,3.0,6.0
2024/3/11,103.0,74.0,44.0,28.0,4.0,9.0
2024/3/12,154.0,42.0,40.0,20.0,3.0,5.0
2024/3/13,96.0,56.0,23.0,32.0,4.0,5.0
2024/3/14,105.0,40.0,42.0,23.0,3.0,4.0
2024/3/15,78.0,35.0,29.0,20.0,3.0,5.0
2024/3/16,84.0,63.0,33.0,16.0,3.0,6.0
2024/3/17,112.0,58.0,31.0,13.0,4.0,5.0
2024/3/18,72.0,73.0,39.0,17.0,5.0,6.0
2024/3/19,119.0,98.0,40.0,19.0,5.0,6.0
2024/3/20,97.0,61.0,59.0,16.0,4.0,6.0
2024/3/21,80.0,65.0,61.0,15.0,4.0,6.0
2024/3/22,85.0,72.0,31.0,34.0,5.0,8.0
2024/3/23,126.0,64.0,28.0,29.0,5.0,10.0
2024/3/24,147.0,40.0,27.0,19.0,3.0,6.0
2024/3/25,109.0,30.0,40.0,11.0,3.0,6.0
2024/3/26,86.0,31.0,46.0,13.0,3.0,5.0
2024/3/27,82.0,40.0,29.0,21.0,3.0,8.0
2024/3/28,108.0,51.0,56.0,22.0,4.0,8.0
2024/3/29,113.0,59.0,74.0,28.0,5.0,7.0
2024/3/30,113.0,63.0,45.0,17.0,4.0,8.0
2024/3/31,141.0,65.0,66.0,21.0,4.0,7.0
2024/4/1,118.0,28.0,38.0,18.0,4.0,7.0
2024/4/2,65.0,26.0,39.0,12.0,3.0,7.0
2024/4/3,72.0,39.0,48.0,12.0,4.0,6.0
2024/4/4,87.0,51.0,53.0,11.0,4.0,6.0
2024/4/5,104.0,38.0,39.0,11.0,3.0,5.0
2024/4/6,96.0,37.0,40.0,16.0,3.0,5.0
2024/4/7,95.0,29.0,38.0,18.0,3.0,6.0
2024/4/8,86.0,51.0,60.0,24.0,5.0,7.0
2024/4/9,119.0,55.0,56.0,14.0,4.0,6.0
2024/4/10,109.0,45.0,44.0,13.0,4.0,5.0
2024/4/11,78.0,26.0,24.0,17.0,3.0,6.0
2024/4/12,63.0,18.0,31.0,12.0,3.0,6.0
2024/4/13,65.0,21.0,33.0,11.0,3.0,5.0
2024/4/14,59.0,46.0,59.0,14.0,3.0,7.0
2024/4/15,119.0,37.0,44.0,17.0,3.0,6.0
2024/4/16,102.0,16.0,36.0,14.0,3.0,5.0
2024/4/17,49.0,76.0,34.0,18.0,5.0,8.0
2024/4/18,106.0,106.0,38.0,13.0,3.0,4.0
2024/4/19,115.0,46.0,53.0,10.0,4.0,6.0
2024/4/20,89.0,31.0,40.0,12.0,3.0,5.0
2024/4/21,74.0,32.0,35.0,14.0,4.0,5.0
2024/4/22,81.0,34.0,41.0,15.0,3.0,5.0
2024/4/23,95.0,38.0,53.0,15.0,4.0,6.0
2024/4/24,87.0,31.0,43.0,13.0,4.0,3.0
2024/4/25,58.0,37.0,45.0,9.0,3.0,3.0
2024/4/26,68.0,23.0,35.0,11.0,3.0,4.0
2024/4/27,66.0,24.0,30.0,13.0,3.0,4.0
2024/4/28,72.0,32.0,35.0,13.0,3.0,6.0
2024/4/29,97.0,32.0,42.0,14.0,4.0,5.0
2024/4/30,94.0,28.0,47.0,11.0,4.0,5.0
2024/5/1,85.0,30.0,42.0,10.0,4.0,3.0
2024/5/2,71.0,33.0,53.0,10.0,3.0,4.0
2024/5/3,72.0,37.0,39.0,10.0,3.0,3.0
2024/5/4,85.0,26.0,32.0,12.0,2.0,6.0
2024/5/5,84.0,44.0,74.0,14.0,3.0,7.0
2024/5/6,123.0,50.0,78.0,13.0,3.0,7.0
2024/5/7,125.0,34.0,50.0,12.0,4.0,5.0
2024/5/8,88.0,21.0,39.0,12.0,3.0,4.0
2024/5/9,55.0,28.0,61.0,9.0,3.0,3.0
2024/5/10,58.0,47.0,34.0,12.0,3.0,5.0
2024/5/11,102.0,57.0,44.0,9.0,3.0,5.0
2024/5/12,95.0,65.0,61.0,14.0,4.0,5.0
2024/5/13,78.0,40.0,83.0,12.0,4.0,3.0
2024/5/14,64.0,42.0,57.0,9.0,4.0,4.0
2024/5/15,73.0,32.0,64.0,14.0,4.0,3.0
2024/5/16,58.0,35.0,79.0,10.0,5.0,3.0
2024/5/17,83.0,34.0,61.0,6.0,3.0,3.0
2024/5/18,62.0,31.0,39.0,4.0,3.0,3.0
2024/5/19,57.0,26.0,36.0,4.0,2.0,3.0
2024/5/20,54.0,25.0,35.0,8.0,5.0,3.0
2024/5/21,58.0,35.0,47.0,9.0,4.0,3.0
2024/5/22,75.0,22.0,42.0,6.0,3.0,3.0
2024/5/23,54.0,19.0,42.0,4.0,3.0,3.0
2024/5/24,61.0,23.0,35.0,5.0,3.0,3.0
2024/5/25,64.0,29.0,68.0,7.0,3.0,5.0
2024/5/26,72.0,23.0,44.0,5.0,3.0,4.0
2024/5/27,67.0,17.0,54.0,6.0,3.0,3.0
2024/5/28,58.0,21.0,52.0,6.0,3.0,3.0
2024/5/29,54.0,37.0,70.0,8.0,3.0,4.0
2024/5/30,68.0,46.0,38.0,15.0,3.0,8.0
2024/5/31,127.0,45.0,58.0,13.0,3.0,6.0
2024/6/1,122.0,17.0,54.0,10.0,4.0,4.0
2024/6/2,55.0,38.0,115.0,15.0,4.0,4.0
2024/6/3,78.0,48.0,92.0,8.0,4.0,5.0
2024/6/4,104.0,29.0,45.0,9.0,3.0,4.0
2024/6/5,71.0,14.0,55.0,8.0,3.0,4.0
2024/6/6,51.0,19.0,46.0,9.0,3.0,4.0
2024/6/7,59.0,22.0,62.0,8.0,3.0,5.0
2024/6/8,68.0,30.0,102.0,12.0,4.0,4.0
2024/6/9,83.0,24.0,52.0,8.0,4.0,4.0
2024/6/10,67.0,15.0,45.0,7.0,3.0,4.0
2024/6/11,49.0,29.0,50.0,11.0,3.0,5.0
2024/6/12,87.0,48.0,73.0,10.0,3.0,5.0
2024/6/13,127.0,33.0,67.0,9.0,3.0,5.0
2024/6/14,99.0,25.0,66.0,10.0,3.0,5.0
2024/6/15,69.0,24.0,52.0,11.0,4.0,4.0
2024/6/16,69.0,16.0,46.0,8.0,3.0,4.0
2024/6/17,52.0,19.0,61.0,8.0,3.0,4.0
2024/6/18,55.0,20.0,35.0,10.0,3.0,5.0
2024/6/19,49.0,18.0,35.0,11.0,3.0,5.0
2024/6/20,63.0,32.0,14.0,22.0,3.0,7.0
2024/6/21,90.0,29.0,38.0,16.0,3.0,5.0
2024/6/22,89.0,19.0,38.0,9.0,3.0,4.0
2024/6/23,60.0,28.0,34.0,13.0,3.0,5.0
2024/6/24,81.0,30.0,40.0,13.0,3.0,4.0
2024/6/25,82.0,19.0,35.0,11.0,3.0,4.0
2024/6/26,65.0,12.0,28.0,11.0,3.0,4.0
2024/6/27,47.0,17.0,19.0,13.0,3.0,4.0
2024/6/28,56.0,26.0,34.0,9.0,3.0,4.0
2024/6/29,73.0,21.0,18.0,11.0,3.0,5.0
2024/6/30,53.0,31.0,42.0,10.0,3.0,5.0
2024/7/1,79.0,22.0,43.0,6.0,3.0,4.0
2024/7/2,62.0,21.0,79.0,8.0,3.0,5.0
2024/7/3,58.0,36.0,79.0,11.0,4.0,5.0
2024/7/4,82.0,48.0,14.0,19.0,4.0,6.0
2024/7/5,88.0,39.0,94.0,9.0,5.0,5.0
2024/7/6,84.0,42.0,79.0,9.0,4.0,4.0
2024/7/7,82.0,38.0,73.0,9.0,5.0,4.0
2024/7/8,81.0,38.0,74.0,10.0,4.0,4.0
2024/7/9,78.0,37.0,36.0,11.0,4.0,4.0
2024/7/10,75.0,21.0,42.0,10.0,3.0,5.0
2024/7/11,58.0,22.0,28.0,12.0,3.0,5.0
2024/7/12,72.0,36.0,34.0,14.0,3.0,5.0
2024/7/13,100.0,49.0,51.0,10.0,3.0,5.0
2024/7/14,130.0,36.0,57.0,16.0,3.0,5.0
2024/7/15,100.0,20.0,46.0,9.0,4.0,3.0
2024/7/16,57.0,32.0,77.0,8.0,5.0,3.0
2024/7/17,60.0,33.0,47.0,10.0,3.0,4.0
2024/7/18,73.0,35.0,87.0,12.0,4.0,4.0
2024/7/19,81.0,32.0,79.0,9.0,6.0,4.0
2024/7/20,72.0,33.0,85.0,9.0,5.0,4.0
2024/7/21,67.0,24.0,63.0,7.0,4.0,3.0
2024/7/22,51.0,20.0,42.0,6.0,4.0,3.0
2024/7/23,40.0,25.0,20.0,4.0,3.0,3.0
2024/7/24,36.0,27.0,21.0,3.0,2.0,2.0
2024/7/25,43.0,32.0,19.0,4.0,2.0,2.0
2024/7/26,55.0,26.0,25.0,2.0,2.0,2.0
2024/7/27,55.0,22.0,31.0,3.0,3.0,2.0
2024/7/28,54.0,18.0,43.0,5.0,3.0,2.0
2024/7/29,47.0,20.0,39.0,6.0,3.0,2.0
2024/7/30,49.0,28.0,76.0,7.0,4.0,3.0
2024/7/31,66.0,31.0,61.0,9.0,3.0,4.0
2024/8/1,65.0,42.0,123.0,10.0,4.0,4.0
2024/8/2,100.0,42.0,91.0,10.0,3.0,4.0
2024/8/3,109.0,31.0,72.0,8.0,3.0,3.0
2024/8/4,79.0,32.0,71.0,8.0,3.0,3.0
2024/8/5,86.0,31.0,43.0,6.0,3.0,2.0
2024/8/6,74.0,27.0,45.0,6.0,3.0,2.0
2024/8/7,76.0,36.0,80.0,10.0,3.0,4.0
2024/8/8,81.0,31.0,87.0,10.0,3.0,4.0
2024/8/9,69.0,37.0,92.0,7.0,3.0,4.0
2024/8/10,78.0,42.0,89.0,8.0,3.0,5.0
2024/8/11,85.0,43.0,71.0,11.0,3.0,6.0
2024/8/12,92.0,35.0,59.0,6.0,2.0,5.0
2024/8/13,84.0,18.0,48.0,6.0,2.0,3.0
2024/8/14,47.0,25.0,45.0,6.0,3.0,4.0
2024/8/15,62.0,31.0,33.0,6.0,3.0,3.0
2024/8/16,80.0,19.0,38.0,5.0,3.0,3.0
2024/8/17,55.0,15.0,32.0,5.0,3.0,3.0
2024/8/18,44.0,17.0,31.0,6.0,3.0,3.0
2024/8/19,39.0,24.0,61.0,6.0,3.0,4.0
2024/8/20,57.0,20.0,44.0,8.0,3.0,4.0
2024/8/21,49.0,34.0,97.0,7.0,3.0,6.0
2024/8/22,86.0,29.0,101.0,8.0,3.0,6.0
2024/8/23,71.0,29.0,48.0,5.0,3.0,5.0
2024/8/24,67.0,25.0,54.0,6.0,2.0,4.0
2024/8/25,64.0,21.0,49.0,6.0,2.0,3.0
2024/8/26,55.0,40.0,70.0,11.0,3.0,7.0
2024/8/27,82.0,27.0,35.0,8.0,3.0,8.0
2024/8/28,82.0,17.0,34.0,6.0,4.0,5.0
2024/8/29,50.0,27.0,50.0,8.0,3.0,6.0
2024/8/30,68.0,25.0,69.0,8.0,3.0,5.0
2024/8/31,63.0,33.0,91.0,7.0,3.0,5.0
2024/9/1,74.0,34.0,90.0,8.0,4.0,6.0
2024/9/2,79.0,23.0,31.0,8.0,3.0,5.0
2024/9/3,65.0,23.0,50.0,7.0,2.0,4.0
2024/9/4,60.0,21.0,45.0,6.0,3.0,3.0
2024/9/5,57.0,38.0,34.0,6.0,4.0,3.0
2024/9/6,84.0,41.0,38.0,6.0,4.0,3.0
2024/9/7,104.0,25.0,27.0,7.0,4.0,3.0
2024/9/8,72.0,19.0,26.0,7.0,3.0,3.0
2024/9/9,52.0,28.0,31.0,7.0,3.0,4.0
2024/9/10,72.0,12.0,18.0,5.0,2.0,3.0
2024/9/11,32.0,24.0,46.0,7.0,3.0,3.0
2024/9/12,61.0,17.0,33.0,6.0,3.0,3.0
2024/9/13,36.0,17.0,21.0,7.0,3.0,3.0
2024/9/14,46.0,21.0,28.0,3.0,3.0,3.0
2024/9/15,49.0,14.0,21.0,2.0,3.0,3.0
2024/9/16,40.0,19.0,22.0,4.0,2.0,3.0
2024/9/17,35.0,22.0,20.0,5.0,3.0,3.0
2024/9/18,42.0,25.0,11.0,4.0,2.0,3.0
2024/9/19,43.0,15.0,19.0,10.0,2.0,4.0
2024/9/20,44.0,20.0,28.0,8.0,3.0,4.0
2024/9/21,43.0,30.0,38.0,9.0,4.0,4.0
2024/9/22,50.0,26.0,41.0,10.0,3.0,4.0
2024/9/23,44.0,25.0,30.0,14.0,3.0,5.0
2024/9/24,53.0,17.0,22.0,16.0,2.0,5.0
2024/9/25,65.0,13.0,33.0,17.0,3.0,4.0
2024/9/26,48.0,24.0,57.0,10.0,4.0,4.0
2024/9/27,54.0,32.0,55.0,9.0,3.0,4.0
2024/9/28,69.0,31.0,38.0,8.0,3.0,3.0
2024/9/29,59.0,33.0,35.0,6.0,3.0,3.0
2024/9/30,70.0,18.0,34.0,6.0,3.0,3.0
2024/10/1,32.0,24.0,41.0,8.0,3.0,3.0
2024/10/2,43.0,20.0,41.0,7.0,3.0,3.0
2024/10/3,42.0,17.0,43.0,7.0,3.0,3.0
2024/10/4,42.0,18.0,38.0,7.0,3.0,3.0
2024/10/5,35.0,9.0,36.0,8.0,3.0,3.0
2024/10/6,29.0,11.0,40.0,8.0,3.0,3.0
2024/10/7,36.0,33.0,40.0,11.0,3.0,5.0
2024/10/8,96.0,31.0,43.0,14.0,3.0,4.0
2024/10/9,78.0,57.0,73.0,28.0,5.0,7.0
2024/10/10,132.0,61.0,71.0,23.0,4.0,6.0
2024/10/11,148.0,40.0,60.0,13.0,3.0,4.0
2024/10/12,113.0,18.0,47.0,12.0,3.0,3.0
2024/10/13,51.0,37.0,35.0,16.0,4.0,4.0
2024/10/14,66.0,44.0,33.0,16.0,3.0,6.0
2024/10/15,113.0,22.0,36.0,12.0,3.0,4.0
2024/10/16,76.0,30.0,40.0,10.0,3.0,4.0
2024/10/17,75.0,37.0,54.0,12.0,3.0,4.0
2024/10/18,79.0,25.0,32.0,8.0,3.0,4.0
2024/10/19,52.0,35.0,31.0,11.0,4.0,5.0
2024/10/20,53.0,39.0,18.0,21.0,3.0,9.0
2024/10/21,88.0,42.0,25.0,15.0,3.0,8.0
2024/10/22,110.0,33.0,34.0,12.0,3.0,6.0
2024/10/23,101.0,20.0,38.0,9.0,4.0,3.0
2024/10/24,55.0,34.0,40.0,10.0,4.0,3.0
2024/10/25,54.0,10.0,26.0,9.0,3.0,3.0
2024/10/26,28.0,13.0,36.0,10.0,4.0,3.0
2024/10/27,39.0,45.0,36.0,13.0,3.0,5.0
2024/10/28,119.0,17.0,38.0,13.0,3.0,4.0
2024/10/29,55.0,28.0,40.0,11.0,6.0,4.0
2024/10/30,62.0,22.0,32.0,12.0,3.0,3.0
2024/10/31,55.0,6.0,38.0,5.0,3.0,3.0
2024/11/1,24.0,45.0,47.0,10.0,3.0,5.0
2024/11/2,106.0,56.0,48.0,18.0,3.0,7.0
2024/11/3,140.0,49.0,62.0,16.0,4.0,6.0
2024/11/4,127.0,22.0,33.0,9.0,3.0,3.0
2024/11/5,49.0,19.0,36.0,11.0,3.0,3.0
2024/11/6,36.0,22.0,32.0,11.0,3.0,3.0
2024/11/7,39.0,26.0,36.0,13.0,3.0,4.0
2024/11/8,51.0,30.0,33.0,12.0,3.0,4.0
2024/11/9,51.0,28.0,42.0,11.0,3.0,4.0
2024/11/10,67.0,31.0,43.0,13.0,3.0,5.0
2024/11/11,90.0,37.0,42.0,16.0,4.0,4.0
2024/11/12,97.0,41.0,43.0,16.0,4.0,5.0
2024/11/13,118.0,34.0,32.0,16.0,3.0,5.0
2024/11/14,82.0,45.0,13.0,21.0,3.0,7.0
2024/11/15,124.0,33.0,32.0,14.0,3.0,5.0
2024/11/16,101.0,19.0,30.0,8.0,3.0,4.0
2024/11/17,50.0,26.0,28.0,7.0,3.0,3.0
2024/11/18,36.0,24.0,28.0,9.0,3.0,3.0
2024/11/19,31.0,27.0,23.0,14.0,3.0,4.0
2024/11/20,49.0,54.0,27.0,19.0,4.0,6.0
2024/11/21,120.0,57.0,39.0,18.0,4.0,6.0
2024/11/22,141.0,14.0,30.0,11.0,3.0,3.0
2024/11/23,39.0,20.0,29.0,12.0,3.0,3.0
2024/11/24,46.0,30.0,24.0,15.0,3.0,4.0
2024/11/25,63.0,33.0,24.0,12.0,3.0,5.0
2024/11/26,81.0,55.0,27.0,15.0,4.0,4.0
2024/11/27,72.0,66.0,27.0,15.0,4.0,4.0
2024/11/28,69.0,50.0,24.0,20.0,5.0,5.0
2024/11/29,68.0,61.0,28.0,34.0,5.0,7.0
2024/11/30,115.0,57.0,33.0,27.0,4.0,6.0
2024/12/1,112.0,71.0,32.0,35.0,6.0,9.0
2024/12/2,150.0,62.0,32.0,16.0,4.0,6.0
2024/12/3,132.0,29.0,28.0,14.0,4.0,4.0
2024/12/4,68.0,44.0,30.0,17.0,4.0,6.0
2024/12/5,103.0,90.0,30.0,25.0,5.0,9.0
2024/12/6,179.0,84.0,38.0,17.0,4.0,8.0
2024/12/7,169.0,25.0,27.0,12.0,4.0,6.0
2024/12/8,73.0,29.0,23.0,17.0,4.0,6.0
2024/12/9,70.0,34.0,23.0,21.0,4.0,6.0
2024/12/10,83.0,39.0,29.0,19.0,4.0,8.0
2024/12/11,105.0,37.0,25.0,18.0,4.0,7.0
2024/12/12,96.0,49.0,25.0,17.0,4.0,7.0
2024/12/13,103.0,56.0,23.0,19.0,4.0,8.0
2024/12/14,133.0,61.0,25.0,26.0,5.0,8.0
2024/12/15,124.0,63.0,26.0,36.0,5.0,8.0
2024/12/16,133.0,67.0,29.0,44.0,5.0,10.0
2024/12/17,148.0,52.0,27.0,20.0,5.0,8.0
2024/12/18,119.0,35.0,18.0,18.0,4.0,6.0
2024/12/19,83.0,46.0,23.0,26.0,4.0,6.0
2024/12/20,100.0,70.0,26.0,24.0,5.0,8.0
2024/12/21,152.0,42.0,21.0,15.0,4.0,7.0
2024/12/22,103.0,34.0,20.0,17.0,4.0,6.0
2024/12/23,76.0,43.0,23.0,19.0,4.0,6.0
2024/12/24,95.0,53.0,15.0,34.0,4.0,7.0
2024/12/25,118.0,83.0,35.0,28.0,6.0,10.0
2024/12/26,162.0,42.0,27.0,18.0,5.0,7.0
2024/12/27,89.0,53.0,21.0,20.0,6.0,8.0
2024/12/28,104.0,66.0,27.0,31.0,5.0,8.0
2024/12/29,137.0,,,,,
2024/12/31,,54.0,34.0,17.0,4.0,5.0
2025/1/1,78.0,39.0,32.0,23.0,4.0,4.0
2025/1/2,71.0,53.0,34.0,19.0,4.0,6.0
2025/1/3,107.0,33.0,36.0,17.0,4.0,5.0
2025/1/4,77.0,54.0,33.0,23.0,5.0,7.0
2025/1/5,124.0,78.0,29.0,23.0,5.0,9.0
2025/1/6,154.0,59.0,19.0,23.0,5.0,8.0
2025/1/7,130.0,62.0,22.0,34.0,6.0,9.0
2025/1/8,144.0,28.0,24.0,11.0,4.0,6.0
2025/1/9,57.0,38.0,24.0,14.0,5.0,7.0
2025/1/10,65.0,56.0,16.0,27.0,6.0,9.0
2025/1/11,112.0,68.0,28.0,29.0,6.0,8.0
2025/1/12,137.0,79.0,36.0,29.0,5.0,8.0
2025/1/13,160.0,83.0,34.0,37.0,6.0,9.0
2025/1/14,165.0,34.0,24.0,12.0,5.0,5.0
2025/1/15,70.0,54.0,15.0,26.0,6.0,8.0
2025/1/16,95.0,68.0,21.0,40.0,6.0,10.0
2025/1/17,143.0,63.0,36.0,24.0,5.0,7.0
2025/1/18,142.0,73.0,34.0,32.0,5.0,7.0
2025/1/19,161.0,103.0,37.0,53.0,7.0,11.0
2025/1/20,185.0,80.0,39.0,28.0,5.0,7.0
2025/1/21,166.0,27.0,41.0,16.0,4.0,4.0
2025/1/22,77.0,35.0,33.0,17.0,3.0,4.0
2025/1/23,82.0,35.0,38.0,13.0,3.0,5.0
2025/1/24,82.0,31.0,34.0,9.0,3.0,4.0
2025/1/25,66.0,39.0,34.0,10.0,3.0,6.0
2025/1/26,92.0,47.0,32.0,6.0,3.0,5.0
2025/1/27,100.0,39.0,36.0,6.0,4.0,5.0
2025/1/28,78.0,71.0,38.0,9.0,7.0,7.0
2025/1/29,152.0,43.0,43.0,8.0,3.0,5.0
2025/1/30,91.0,31.0,32.0,11.0,3.0,6.0
2025/1/31,78.0,22.0,31.0,6.0,3.0,7.0
2025/2/1,65.0,58.0,29.0,7.0,3.0,10.0
2025/2/2,116.0,58.0,32.0,8.0,3.0,9.0
2025/2/3,134.0,52.0,36.0,11.0,4.0,9.0
2025/2/4,127.0,46.0,34.0,14.0,3.0,8.0
2025/2/5,110.0,32.0,28.0,10.0,3.0,7.0
2025/2/6,76.0,50.0,26.0,10.0,3.0,6.0
2025/2/7,78.0,34.0,25.0,7.0,4.0,6.0
2025/2/8,71.0,38.0,24.0,11.0,4.0,6.0
2025/2/9,93.0,47.0,29.0,15.0,3.0,6.0
2025/2/10,106.0,29.0,28.0,11.0,3.0,4.0
2025/2/11,71.0,58.0,26.0,15.0,3.0,7.0
2025/2/12,128.0,35.0,28.0,13.0,3.0,5.0
2025/2/13,80.0,35.0,25.0,15.0,3.0,4.0
2025/2/14,61.0,50.0,19.0,25.0,3.0,7.0
2025/2/15,117.0,77.0,37.0,25.0,4.0,9.0
2025/2/16,169.0,49.0,31.0,13.0,4.0,5.0
2025/2/17,95.0,42.0,33.0,18.0,5.0,6.0
2025/2/18,77.0,44.0,38.0,14.0,4.0,4.0
2025/2/19,83.0,27.0,33.0,12.0,4.0,4.0
2025/2/20,65.0,33.0,35.0,13.0,4.0,5.0
2025/2/21,66.0,52.0,43.0,16.0,3.0,4.0
2025/2/22,121.0,48.0,35.0,14.0,3.0,5.0
2025/2/23,119.0,56.0,41.0,18.0,4.0,7.0
2025/2/24,137.0,65.0,32.0,24.0,3.0,6.0
2025/2/25,134.0,91.0,38.0,35.0,4.0,9.0
2025/2/26,176.0,88.0,41.0,26.0,4.0,8.0
2025/2/27,178.0,45.0,36.0,27.0,4.0,7.0
2025/2/28,131.0,35.0,49.0,17.0,3.0,6.0
2025/3/1,96.0,49.0,56.0,23.0,4.0,7.0
2025/3/2,118.0,23.0,30.0,12.0,3.0,7.0
2025/3/3,65.0,17.0,27.0,14.0,3.0,6.0
2025/3/4,54.0,18.0,31.0,11.0,3.0,6.0
2025/3/5,51.0,35.0,39.0,12.0,4.0,7.0
2025/3/6,77.0,45.0,36.0,16.0,3.0,5.0
2025/3/7,91.0,53.0,49.0,17.0,4.0,6.0
2025/3/8,116.0,34.0,40.0,13.0,3.0,4.0
2025/3/9,79.0,40.0,29.0,21.0,3.0,5.0
2025/3/10,86.0,41.0,24.0,18.0,3.0,5.0
2025/3/11,116.0,22.0,23.0,18.0,3.0,5.0
2025/3/12,78.0,32.0,29.0,16.0,3.0,5.0
2025/3/13,72.0,41.0,30.0,17.0,3.0,4.0
2025/3/14,60.0,21.0,32.0,10.0,3.0,5.0
2025/3/15,45.0,42.0,34.0,13.0,3.0,7.0
2025/3/16,94.0,43.0,38.0,17.0,4.0,7.0
2025/3/17,95.0,41.0,39.0,14.0,4.0,6.0
2025/3/18,77.0,37.0,37.0,17.0,4.0,6.0
2025/3/19,72.0,53.0,59.0,22.0,4.0,6.0
2025/3/20,110.0,56.0,61.0,30.0,5.0,8.0
2025/3/21,121.0,58.0,67.0,36.0,5.0,6.0
2025/3/22,122.0,63.0,71.0,23.0,5.0,6.0
2025/3/23,126.0,59.0,63.0,18.0,4.0,6.0
2025/3/24,101.0,77.0,65.0,26.0,4.0,5.0
2025/3/25,126.0,72.0,97.0,21.0,5.0,7.0
2025/3/26,150.0,61.0,39.0,15.0,3.0,8.0
2025/3/27,123.0,48.0,31.0,10.0,3.0,6.0
2025/3/28,70.0,57.0,36.0,14.0,4.0,5.0
2025/3/29,98.0,30.0,38.0,10.0,3.0,3.0
2025/3/30,59.0,37.0,45.0,11.0,3.0,5.0
2025/3/31,61.0,42.0,49.0,13.0,3.0,5.0
2025/4/1,82.0,60.0,69.0,19.0,4.0,6.0
2025/4/2,121.0,37.0,41.0,17.0,4.0,6.0
2025/4/3,96.0,41.0,65.0,15.0,3.0,6.0
2025/4/4,84.0,56.0,77.0,18.0,4.0,8.0
2025/4/5,120.0,60.0,66.0,20.0,4.0,7.0
2025/4/6,143.0,51.0,80.0,16.0,4.0,5.0
2025/4/7,118.0,64.0,88.0,18.0,5.0,7.0
2025/4/8,112.0,71.0,100.0,23.0,5.0,8.0
2025/4/9,141.0,66.0,60.0,23.0,4.0,7.0
2025/4/10,144.0,59.0,51.0,22.0,7.0,7.0
2025/4/11,130.0,83.0,42.0,8.0,3.0,5.0
2025/4/12,81.0,93.0,40.0,10.0,3.0,4.0
2025/4/13,80.0,74.0,47.0,12.0,4.0,5.0
2025/4/14,80.0,56.0,64.0,19.0,4.0,6.0
2025/4/15,73.0,59.0,88.0,21.0,5.0,6.0
2025/4/16,90.0,64.0,63.0,25.0,4.0,6.0
2025/4/17,98.0,59.0,80.0,17.0,4.0,6.0
2025/4/18,103.0,54.0,66.0,11.0,4.0,6.0
2025/4/19,88.0,42.0,55.0,12.0,4.0,8.0
2025/4/20,110.0,35.0,46.0,11.0,3.0,5.0
2025/4/21,87.0,43.0,46.0,12.0,3.0,8.0
2025/4/22,122.0,57.0,93.0,16.0,4.0,7.0
2025/4/23,129.0,77.0,80.0,30.0,5.0,7.0
2025/4/24,148.0,49.0,42.0,14.0,4.0,3.0
2025/4/25,64.0,37.0,45.0,15.0,4.0,6.0
2025/4/26,59.0,38.0,48.0,16.0,4.0,7.0
2025/4/27,64.0,46.0,52.0,21.0,4.0,9.0
2025/4/28,99.0,38.0,56.0,18.0,5.0,6.0
2025/4/29,80.0,43.0,78.0,13.0,4.0,7.0
2025/4/30,69.0,54.0,63.0,13.0,4.0,7.0
2025/5/1,86.0,49.0,89.0,9.0,4.0,6.0
2025/5/2,89.0,48.0,57.0,8.0,4.0,7.0
2025/5/3,78.0,23.0,46.0,7.0,4.0,5.0
2025/5/4,45.0,32.0,36.0,11.0,3.0,7.0
2025/5/5,67.0,63.0,71.0,11.0,4.0,9.0
2025/5/6,135.0,57.0,61.0,9.0,3.0,5.0
2025/5/7,75.0,47.0,46.0,8.0,3.0,5.0
2025/5/8,67.0,21.0,45.0,8.0,4.0,7.0
2025/5/9,46.0,45.0,55.0,15.0,4.0,6.0
2025/5/10,79.0,34.0,67.0,13.0,4.0,5.0
2025/5/11,75.0,46.0,87.0,18.0,4.0,5.0
2025/5/12,99.0,40.0,87.0,10.0,4.0,4.0
2025/5/13,74.0,33.0,91.0,10.0,4.0,4.0
2025/5/14,69.0,41.0,68.0,16.0,4.0,5.0
2025/5/15,77.0,39.0,36.0,14.0,3.0,7.0
2025/5/16,97.0,43.0,78.0,18.0,3.0,9.0
2025/5/17,122.0,62.0,43.0,12.0,4.0,4.0
2025/5/18,81.0,38.0,70.0,12.0,4.0,5.0
2025/5/19,90.0,37.0,31.0,14.0,4.0,6.0
2025/5/20,94.0,25.0,36.0,16.0,3.0,6.0
2025/5/21,82.0,30.0,61.0,14.0,3.0,5.0
2025/5/22,80.0,9.0,34.0,7.0,3.0,3.0
2025/5/23,32.0,38.0,63.0,10.0,4.0,5.0
2025/5/24,95.0,38.0,62.0,14.0,5.0,5.0
2025/5/25,94.0,35.0,59.0,13.0,4.0,3.0
2025/5/26,88.0,31.0,64.0,10.0,4.0,3.0
2025/5/27,78.0,30.0,56.0,10.0,4.0,3.0
2025/5/28,71.0,37.0,58.0,10.0,4.0,3.0
2025/5/29,77.0,49.0,96.0,13.0,4.0,4.0
2025/5/30,120.0,42.0,80.0,11.0,4.0,4.0
2025/5/31,113.0,15.0,60.0,5.0,3.0,4.0
2025/6/1,47.0,13.0,42.0,8.0,3.0,6.0
2025/6/2,47.0,33.0,83.0,10.0,4.0,7.0
2025/6/3,79.0,47.0,116.0,12.0,4.0,5.0
2025/6/4,122.0,41.0,98.0,15.0,5.0,5.0
2025/6/5,78.0,40.0,89.0,9.0,4.0,5.0
2025/6/6,69.0,36.0,29.0,13.0,4.0,6.0
2025/6/7,78.0,15.0,38.0,10.0,3.0,5.0
2025/6/8,49.0,17.0,28.0,13.0,3.0,5.0
2025/6/9,49.0,21.0,27.0,13.0,3.0,4.0
2025/6/10,66.0,21.0,37.0,11.0,3.0,4.0
2025/6/11,68.0,15.0,37.0,11.0,3.0,4.0
2025/6/12,50.0,14.0,12.0,9.0,3.0,5.0
2025/6/13,40.0,29.0,47.0,12.0,3.0,5.0
2025/6/14,78.0,14.0,22.0,8.0,3.0,4.0
2025/6/15,45.0,23.0,70.0,9.0,3.0,3.0
2025/6/16,57.0,51.0,112.0,14.0,3.0,4.0
2025/6/17,91.0,48.0,68.0,14.0,3.0,3.0
2025/6/18,84.0,36.0,44.0,14.0,4.0,3.0
2025/6/19,73.0,22.0,38.0,9.0,4.0,3.0
2025/6/20,57.0,24.0,41.0,9.0,3.0,5.0
2025/6/21,55.0,11.0,41.0,8.0,3.0,3.0
2025/6/22,34.0,11.0,34.0,7.0,3.0,4.0
2025/6/23,29.0,20.0,37.0,9.0,2.0,5.0
2025/6/24,66.0,36.0,77.0,14.0,3.0,4.0
2025/6/25,90.0,42.0,86.0,10.0,3.0,4.0
2025/6/26,105.0,31.0,48.0,13.0,3.0,5.0
2025/6/27,88.0,34.0,80.0,11.0,2.0,5.0
2025/6/28,83.0,23.0,60.0,7.0,3.0,4.0
2025/6/29,62.0,16.0,39.0,5.0,3.0,3.0
2025/6/30,40.0,20.0,40.0,5.0,3.0,3.0
2025/7/1,40.0,24.0,44.0,6.0,2.0,3.0
2025/7/2,47.0,27.0,50.0,5.0,3.0,3.0
2025/7/3,58.0,31.0,70.0,5.0,3.0,4.0
2025/7/4,60.0,28.0,61.0,6.0,3.0,4.0
2025/7/5,60.0,22.0,62.0,6.0,3.0,5.0
2025/7/6,51.0,15.0,25.0,4.0,3.0,4.0
2025/7/7,27.0,18.0,20.0,4.0,3.0,4.0
2025/7/8,26.0,21.0,23.0,4.0,3.0,4.0
2025/7/9,38.0,39.0,18.0,5.0,4.0,4.0
2025/7/10,82.0,22.0,18.0,6.0,3.0,4.0
2025/7/11,54.0,16.0,19.0,5.0,3.0,4.0
2025/7/12,44.0,20.0,37.0,5.0,3.0,5.0
2025/7/13,56.0,36.0,77.0,8.0,3.0,6.0
2025/7/14,89.0,40.0,103.0,10.0,2.0,5.0
2025/7/15,83.0,45.0,69.0,8.0,3.0,5.0
2025/7/16,93.0,40.0,75.0,9.0,2.0,6.0
2025/7/17,86.0,23.0,47.0,8.0,2.0,6.0
2025/7/18,66.0,17.0,21.0,5.0,3.0,4.0
2025/7/19,38.0,23.0,15.0,2.0,1.0,4.0
2025/7/20,37.0,22.0,17.0,4.0,2.0,3.0
2025/7/21,35.0,22.0,15.0,4.0,1.0,4.0
2025/7/22,37.0,22.0,16.0,4.0,2.0,4.0
2025/7/23,34.0,24.0,18.0,5.0,3.0,6.0
2025/7/24,50.0,23.0,20.0,4.0,3.0,5.0
2025/7/25,49.0,16.0,14.0,4.0,2.0,6.0
2025/7/26,30.0,17.0,17.0,4.0,3.0,5.0
2025/7/27,38.0,23.0,14.0,4.0,3.0,5.0
2025/7/28,40.0,21.0,15.0,5.0,3.0,5.0
2025/7/29,44.0,11.0,20.0,3.0,1.0,6.0
2025/7/30,23.0,29.0,43.0,6.0,2.0,6.0
2025/7/31,59.0,35.0,57.0,5.0,3.0,6.0
2025/8/1,77.0,36.0,49.0,10.0,2.0,7.0
2025/8/2,78.0,27.0,50.0,9.0,3.0,7.0
2025/8/3,71.0,31.0,50.0,10.0,3.0,8.0
2025/8/4,77.0,31.0,58.0,6.0,2.0,6.0
2025/8/5,73.0,25.0,55.0,6.0,3.0,5.0
2025/8/6,59.0,24.0,49.0,9.0,2.0,5.0
2025/8/7,59.0,31.0,64.0,9.0,2.0,6.0
2025/8/8,64.0,36.0,45.0,10.0,2.0,7.0
2025/8/9,81.0,39.0,39.0,13.0,3.0,6.0
2025/8/10,72.0,40.0,55.0,10.0,2.0,6.0
2025/8/11,81.0,39.0,76.0,12.0,4.0,6.0
2025/8/12,80.0,24.0,32.0,4.0,3.0,4.0
2025/8/13,40.0,22.0,26.0,4.0,3.0,3.0
2025/8/14,37.0,19.0,22.0,4.0,1.0,4.0
2025/8/15,29.0,28.0,22.0,4.0,3.0,4.0
2025/8/16,47.0,26.0,21.0,4.0,4.0,3.0
2025/8/17,66.0,15.0,27.0,4.0,1.0,3.0
2025/8/18,36.0,19.0,38.0,5.0,3.0,4.0
2025/8/19,37.0,28.0,61.0,7.0,3.0,4.0
2025/8/20,52.0,44.0,97.0,7.0,2.0,5.0
2025/8/21,89.0,39.0,70.0,8.0,3.0,5.0
2025/8/22,86.0,39.0,95.0,9.0,3.0,6.0
2025/8/23,83.0,29.0,67.0,7.0,3.0,5.0
2025/8/24,64.0,26.0,54.0,10.0,3.0,6.0
2025/8/25,56.0,34.0,82.0,12.0,3.0,6.0
2025/8/26,70.0,15.0,39.0,6.0,3.0,4.0
2025/8/27,44.0,18.0,46.0,5.0,3.0,4.0
2025/8/28,36.0,18.0,40.0,5.0,3.0,4.0
2025/8/29,36.0,17.0,37.0,4.0,3.0,5.0
2025/8/30,36.0,24.0,54.0,8.0,3.0,5.0
2025/8/31,48.0,30.0,60.0,12.0,3.0,7.0
2025/9/1,69.0,27.0,36.0,13.0,3.0,6.0
2025/9/2,61.0,23.0,52.0,11.0,3.0,5.0
2025/9/3,61.0,25.0,56.0,10.0,3.0,6.0
2025/9/4,61.0,27.0,83.0,9.0,3.0,6.0
2025/9/5,62.0,28.0,88.0,8.0,3.0,6.0
2025/9/6,49.0,44.0,91.0,15.0,3.0,9.0
2025/9/7,96.0,19.0,60.0,9.0,3.0,6.0
2025/9/8,51.0,24.0,38.0,10.0,2.0,7.0
2025/9/9,52.0,25.0,51.0,7.0,2.0,5.0
2025/9/10,50.0,33.0,63.0,6.0,3.0,6.0
2025/9/11,54.0,41.0,69.0,9.0,4.0,7.0
2025/9/12,72.0,41.0,68.0,11.0,2.0,8.0
2025/9/13,86.0,38.0,60.0,8.0,3.0,7.0
2025/9/14,85.0,33.0,67.0,11.0,3.0,6.0
2025/9/15,82.0,25.0,79.0,8.0,3.0,5.0
2025/9/16,57.0,29.0,53.0,10.0,1.0,6.0
2025/9/17,54.0,26.0,43.0,5.0,2.0,5.0
2025/9/18,45.0,26.0,41.0,7.0,2.0,6.0
2025/9/19,42.0,21.0,43.0,8.0,2.0,5.0
2025/9/20,54.0,23.0,48.0,5.0,2.0,5.0
2025/9/21,49.0,22.0,47.0,7.0,2.0,4.0
2025/9/22,36.0,25.0,30.0,6.0,2.0,5.0
2025/9/23,40.0,21.0,22.0,6.0,2.0,5.0
2025/9/24,33.0,22.0,28.0,6.0,2.0,5.0
2025/9/25,36.0,24.0,36.0,13.0,2.0,6.0
2025/9/26,47.0,29.0,54.0,12.0,2.0,7.0
2025/9/27,64.0,36.0,77.0,10.0,2.0,7.0
2025/9/28,82.0,19.0,41.0,8.0,2.0,8.0
2025/9/29,62.0,27.0,38.0,12.0,2.0,8.0
2025/9/30,68.0,35.0,56.0,10.0,2.0,8.0
2025/10/1,96.0,24.0,56.0,5.0,3.0,7.0
2025/10/2,66.0,38.0,52.0,10.0,3.0,10.0
2025/10/3,94.0,25.0,44.0,10.0,3.0,9.0
2025/10/4,64.0,25.0,50.0,8.0,3.0,5.0
2025/10/5,60.0,31.0,67.0,11.0,2.0,5.0
2025/10/6,64.0,34.0,44.0,8.0,2.0,7.0
2025/10/7,83.0,16.0,37.0,5.0,3.0,5.0
2025/10/8,47.0,19.0,43.0,7.0,2.0,5.0
2025/10/9,43.0,31.0,43.0,6.0,2.0,4.0
2025/10/10,57.0,38.0,70.0,8.0,2.0,5.0
2025/10/11,62.0,41.0,77.0,6.0,2.0,6.0
2025/10/12,78.0,53.0,45.0,12.0,2.0,9.0
2025/10/13,120.0,30.0,22.0,12.0,2.0,10.0
2025/10/14,91.0,26.0,59.0,10.0,3.0,7.0
2025/10/15,68.0,23.0,33.0,9.0,2.0,7.0
2025/10/16,68.0,19.0,37.0,9.0,3.0,5.0
2025/10/17,44.0,19.0,29.0,6.0,2.0,3.0
2025/10/18,58.0,25.0,32.0,5.0,2.0,3.0
2025/10/19,46.0,28.0,30.0,4.0,3.0,3.0
2025/10/20,48.0,27.0,30.0,4.0,3.0,2.0
2025/10/21,37.0,26.0,34.0,5.0,2.0,2.0
2025/10/22,38.0,29.0,36.0,8.0,2.0,4.0
2025/10/23,51.0,28.0,40.0,6.0,2.0,5.0
2025/10/24,52.0,30.0,42.0,7.0,3.0,5.0
2025/10/25,58.0,35.0,37.0,9.0,3.0,5.0
2025/10/26,76.0,35.0,35.0,10.0,3.0,5.0
2025/10/27,93.0,18.0,39.0,10.0,3.0,2.0
2025/10/28,45.0,20.0,37.0,14.0,3.0,2.0
2025/10/29,37.0,26.0,26.0,19.0,2.0,4.0
2025/10/30,48.0,30.0,32.0,13.0,3.0,6.0
2025/10/31,56.0,73.0,52.0,18.0,2.0,8.0
2025/11/1,172.0,68.0,48.0,18.0,4.0,7.0
2025/11/2,147.0,13.0,30.0,9.0,3.0,1.0
2025/11/3,37.0,23.0,25.0,13.0,3.0,2.0
2025/11/4,45.0,29.0,28.0,15.0,2.0,4.0
2025/11/5,60.0,35.0,41.0,16.0,2.0,3.0
2025/11/6,65.0,27.0,34.0,20.0,3.0,5.0
2025/11/7,69.0,36.0,21.0,18.0,3.0,6.0
2025/11/8,89.0,24.0,34.0,7.0,2.0,4.0
2025/11/9,66.0,36.0,37.0,8.0,3.0,3.0
2025/11/10,85.0,22.0,30.0,8.0,3.0,3.0
2025/11/11,35.0,33.0,29.0,9.0,3.0,3.0
2025/11/12,50.0,27.0,37.0,8.0,3.0,3.0
2025/11/13,49.0,57.0,48.0,16.0,3.0,6.0
2025/11/14,125.0,44.0,40.0,19.0,3.0,4.0
2025/11/15,88.0,34.0,39.0,15.0,3.0,3.0
2025/11/16,61.0,33.0,30.0,10.0,3.0,3.0
2025/11/17,59.0,36.0,20.0,10.0,5.0,7.0
2025/11/18,68.0,53.0,22.0,21.0,5.0,8.0
2025/11/19,99.0,61.0,22.0,28.0,5.0,10.0
2025/11/20,124.0,69.0,30.0,37.0,5.0,11.0
2025/11/21,147.0,91.0,42.0,41.0,6.0,13.0
2025/11/22,172.0,81.0,58.0,32.0,4.0,9.0
2025/11/23,169.0,74.0,33.0,32.0,6.0,8.0
2025/11/24,163.0,84.0,22.0,16.0,4.0,5.0
2025/11/25,105.0,55.0,21.0,23.0,4.0,4.0
2025/11/26,82.0,157.0,24.0,19.0,4.0,4.0
2025/11/27,134.0,147.0,26.0,25.0,5.0,6.0
2025/11/28,137.0,101.0,42.0,27.0,4.0,6.0
2025/11/29,118.0,78.0,39.0,38.0,4.0,8.0
2025/11/30,138.0,86.0,37.0,25.0,4.0,8.0
2025/12/1,140.0,46.0,31.0,11.0,3.0,4.0
2025/12/2,58.0,34.0,26.0,9.0,3.0,4.0
2025/12/3,69.0,31.0,23.0,19.0,4.0,5.0
2025/12/4,67.0,49.0,22.0,19.0,5.0,5.0
2025/12/5,105.0,62.0,27.0,33.0,4.0,6.0
2025/12/6,129.0,73.0,46.0,47.0,4.0,8.0
2025/12/7,164.0,57.0,33.0,21.0,4.0,6.0
2025/12/8,110.0,45.0,31.0,18.0,4.0,4.0
2025/12/9,59.0,37.0,26.0,21.0,3.0,5.0
2025/12/10,53.0,71.0,47.0,23.0,5.0,10.0
2025/12/11,140.0,21.0,30.0,10.0,2.0,4.0
2025/12/12,49.0,29.0,23.0,11.0,2.0,3.0
2025/12/13,62.0,53.0,25.0,13.0,3.0,5.0
2025/12/14,122.0,63.0,33.0,28.0,3.0,6.0
2025/12/15,119.0,58.0,23.0,34.0,3.0,6.0
2025/12/16,116.0,86.0,33.0,26.0,4.0,9.0
2025/12/17,167.0,43.0,34.0,19.0,3.0,4.0
2025/12/18,89.0,43.0,36.0,17.0,2.0,5.0
2025/12/19,78.0,78.0,29.0,23.0,3.0,9.0
2025/12/20,147.0,14.0,26.0,6.0,2.0,4.0
2025/12/21,55.0,22.0,24.0,14.0,2.0,4.0
2025/12/22,44.0,42.0,20.0,19.0,2.0,6.0
2025/12/23,75.0,41.0,12.0,15.0,2.0,7.0
2025/12/24,106.0,33.0,27.0,9.0,3.0,4.0
2025/12/25,84.0,20.0,26.0,10.0,2.0,3.0
2025/12/26,51.0,34.0,25.0,20.0,2.0,3.0
2025/12/27,68.0,68.0,33.0,33.0,4.0,7.0
2025/12/28,153.0,,,,,
2025/12/31,,16.0,25.0,6.0,2.0,2.0
2026/1/1,39.0,31.0,26.0,8.0,3.0,5.0
2026/1/2,74.0,48.0,23.0,21.0,4.0,8.0
2026/1/3,104.0,52.0,20.0,31.0,3.0,6.0
2026/1/4,118.0,72.0,25.0,24.0,3.0,9.0
2026/1/5,165.0,71.0,28.0,23.0,3.0,8.0
2026/1/6,156.0,55.0,28.0,23.0,3.0,7.0
2026/1/7,139.0,72.0,33.0,30.0,4.0,8.0
2026/1/8,158.0,67.0,36.0,31.0,4.0,7.0
2026/1/9,153.0,78.0,28.0,22.0,4.0,6.0
2026/1/10,123.0,58.0,26.0,14.0,4.0,4.0
2026/1/11,65.0,59.0,29.0,24.0,4.0,5.0
2026/1/12,93.0,75.0,27.0,36.0,5.0,8.0
2026/1/13,139.0,73.0,45.0,27.0,4.0,6.0
2026/1/14,149.0,75.0,34.0,32.0,5.0,9.0
2026/1/15,144.0,103.0,61.0,30.0,4.0,9.0
2026/1/16,192.0,75.0,51.0,15.0,2.0,7.0
2026/1/17,155.0,45.0,26.0,16.0,2.0,4.0
2026/1/18,73.0,26.0,30.0,8.0,2.0,4.0
2026/1/19,56.0,21.0,28.0,9.0,2.0,6.0
2026/1/20,53.0,34.0,26.0,10.0,2.0,6.0
2026/1/21,86.0,41.0,25.0,15.0,3.0,7.0
2026/1/22,99.0,53.0,16.0,21.0,3.0,7.0
2026/1/23,137.0,,,,,
2026/7/9,61.0,19.0,25.6,12.8,2.6,5.5
2026/7/10,42.0,16.0,12.6,3.7,4.1,4.6
2026/7/11,61.0,33.0,11.0,2.8,2.6,4.6
2026/7/12,59.0,29.0,14.7,0.5,2.1,4.6
2026/7/13,53.0,24.0,22.0,4.2,2.6,3.7
2026/7/14,38.0,12.0,19.1,15.1,4.1,4.6
2026/7/15,42.0,19.0,22.4,16.0,4.1,4.6
2026/7/16,87.0,39.0,30.5,15.6,4.1,8.2
2026/7/17,104.0,55.0,32.9,15.6,4.1,8.2
2026/7/18,72.0,28.0,15.5,11.0,4.1,4.6
2026/7/19,68.0,20.0,20.4,17.4,3.6,7.3
2026/7/20,74.0,29.0,16.3,11.9,4.1,5.5
2026/7/21,46.0,11.0,21.2,7.4,3.6,9.1
2026/7/22,63.0,20.0,19.5,13.8,4.1,7.3
2026/7/23,87.0,47.0,22.4,9.2,4.1,8.2
2026/7/24,68.0,34.0,15.9,6.9,4.6,4.6
2026/7/25,38.0,13.0,11.8,3.7,4.1,3.7
2026/7/26,50.0,20.0,13.0,4.2,4.1,6.4
2026/7/27,50.0,20.0,12.2,5.1,3.1,6.4
2026/7/28,42.0,15.0,8.6,5.1,4.1,6.4
2026/7/29,42.0,15.0,9.0,6.9,4.1,6.4
2026/7/30,72.0,30.0,15.9,16.5,4.6,8.2
2026/7/31,72.0,32.0,24.8,12.4,4.1,7.3
2026/8/1,91.0,40.0,32.5,11.5,4.1,8.2
2026/8/2,57.0,18.0,23.2,8.7,3.1,5.5
2026/8/3,87.0,40.0,41.5,11.0,4.1,6.4
2026/8/4,61.0,17.0,34.2,3.2,3.6,4.6
2026/8/5,57.0,22.0,20.8,16.0,3.6,5.5
2026/8/6,63.0,22.0,27.7,6.4,3.6,5.5
2026/8/7,63.0,23.0,31.3,3.7,3.6,4.6
2026/8/8,42.0,17.0,12.6,1.0,3.6,4.6
2026/8/9,42.0,17.0,23.2,0.5,2.1,4.6
2026/8/10,42.0,20.0,13.9,2.3,3.6,4.6
2026/8/12,13.0,7.0,8.2,6.0,3.6,4.6
2026/8/13,46.0,15.0,19.5,6.0,3.6,4.6
2026/8/14,53.0,19.0,14.7,9.6,3.6,4.6
2026/8/15,42.0,12.0,19.9,8.3,3.6,6.4
2026/8/16,61.0,21.0,13.5,9.2,4.1,5.5
2026/8/17,65.0,20.0,21.2,6.0,3.6,5.5
2026/8/18,34.0,14.0,7.4,5.1,3.6,4.6
2026/8/19,46.0,16.0,7.8,6.0,3.1,5.5
2026/8/20,38.0,15.0,9.4,5.1,3.6,4.6
2026/8/21,30.0,13.0,17.9,4.2,3.1,4.6
2026/8/22,38.0,18.0,20.8,3.7,3.6,4.6
2026/8/23,34.0,14.0,16.3,4.2,2.1,4.6
2026/8/24,42.0,19.0,11.4,6.9,3.6,5.5
2026/8/25,61.0,22.0,10.6,8.3,3.6,5.5
